fname,label
00143f3b262795987098.wav,Flute
004b9358100009ba99c0.wav,Cello
005127b4d395500095f8.wav,Fireworks
00758737efecae36c43a.wav,Cello
00abfb8903f34a38d7c3.wav,Double_bass
00c6c7aa6ba88ae9829c.wav,Fart
012f3fdda34a2c318758.wav,Double_bass
013493eff9ab3dc4b239.wav,Flute
01a1487a0b83b647926f.wav,Acoustic_guitar
01d3b989b50d507be5bf.wav,Fart
0221b4ae70b209ea434a.wav,Shatter
023c6e87ad1c2138b114.wav,Bass_drum
0240e8d1df2b829ca036.wav,Flute
0255073505d494542a3f.wav,Fireworks
0276f21fd913ff8f025d.wav,Bass_drum
02f246c0fb0d697669ee.wav,Acoustic_guitar
0369efc2fcc6372943bc.wav,Applause
03cf9caad4134d1f26d1.wav,Fart
0406a73724fe7459c66c.wav,Fart
042710a5596fbc928302.wav,Fireworks
0434e8dbc236179c05fa.wav,Fart
044dc2cc3a30049b406f.wav,Cello
0455471efb61dab6e141.wav,Fart
04a81d6c5f699b29f173.wav,Acoustic_guitar
04aabb78c3b88e26dd22.wav,Bass_drum
04c10f44f8b0df77f344.wav,Double_bass
050f98befa0111273b11.wav,Applause
05113ed98a0edf7bc3cb.wav,Applause
0534884f77bb9ce4a4de.wav,Flute
059a757cf6a1eaa766c6.wav,Fart
05bc40f66f884b73ad0d.wav,Double_bass
05d2342e8a64cd028c2c.wav,Fart
05e6ce6142cdedb6b2f7.wav,Bass_drum
061915afa08e1f5ff239.wav,Fireworks
06232ae71a101bbf237e.wav,Cello
062d469336cc31f5b070.wav,Applause
063edea7c6632aff01ee.wav,Shatter
064ad2b77c1e7c8d0dab.wav,Fireworks
065a0fea74cc25aa4885.wav,Double_bass
066277bf579b601bee1f.wav,Trumpet
0677b8c428a2efe453bd.wav,Applause
068b0d204c9f69fd6665.wav,Shatter
070514f62c2094ff3652.wav,Shatter
070bb683978f40789c53.wav,Cello
0713db811d57e9dacf5c.wav,Flute
07269c923f0bb827757e.wav,Shatter
075ff9e6332b8fa311a4.wav,Cello
07958da27a1813ed258f.wav,Acoustic_guitar
07aa1147da2718b246a9.wav,Fart
07d515cd3a2f03bbdfc9.wav,Acoustic_guitar
07d9b0caf92b327a214f.wav,Acoustic_guitar
08138e9cb2f7707dd7ad.wav,Cello
08355783b135fbbf1a61.wav,Bass_drum
08455c035510defe1049.wav,Double_bass
0865d5a85b04f79603e5.wav,Fireworks
0866b15f7683a6507b24.wav,Fireworks
08690598443ecf84d9c4.wav,Cello
086c04ee0144939c76b7.wav,Bass_drum
089c5abc38159e05d99e.wav,Applause
08ae7115a511a5ab0f0d.wav,Trumpet
08bb5e8089105459059a.wav,Acoustic_guitar
08e7747478e2b0a06cd2.wav,Applause
09323da25aedbd779e69.wav,Double_bass
094bc6103f30df8d7ced.wav,Shatter
097367650795ce59ac41.wav,Fart
097649a03f8d8e3c7202.wav,Fart
097c837103484cbd97e0.wav,Applause
09b69fb8bbb9242e89bf.wav,Double_bass
0a72a0d689eb2799f6c5.wav,Bass_drum
0a8ede16656ff7d7e6b7.wav,Double_bass
0a925cc8abcc9840aa90.wav,Cello
0aa4377cdbf7124ed7a7.wav,Shatter
0ac3ae524ea42b3a42be.wav,Bass_drum
0ac65111cb0cea31f844.wav,Fireworks
0afbfe73ec908d46f0cb.wav,Acoustic_guitar
0b07ac49d7e81a85cd6e.wav,Double_bass
0b08b1b4baa723580102.wav,Flute
0b5c832cf84a808ccd76.wav,Cello
0b9b49bea8fff279a2d3.wav,Double_bass
0bcd1deb67313c1b92c0.wav,Fireworks
0bf847acc23c9d4bb27f.wav,Cello
0bfd62b45ff1d351f8cf.wav,Shatter
0c129538e85527e40ed1.wav,Fireworks
0c31f70a72898154a52a.wav,Fart
0c54bd42259e3762b263.wav,Fireworks
0c5e14d128c7d870053b.wav,Acoustic_guitar
0c7f220abbfefb53363e.wav,Acoustic_guitar
0c931dcbc652937f38c9.wav,Bass_drum
0ca16b84e5345f593bc2.wav,Double_bass
0cb09c208fe9fc981a60.wav,Double_bass
0d2053b9ddf4ba3b7b5a.wav,Acoustic_guitar
0d2e1b532e9bc37a201f.wav,Shatter
0d56b02b8af33ea9eb4c.wav,Fireworks
0d65502c0e8b2abd83af.wav,Fart
0d6fc4147ce88779891e.wav,Bass_drum
0d794bca0ddb4ca44b54.wav,Double_bass
0d7cc1bee5b353e1b859.wav,Double_bass
0da95e22fef5f0dbe932.wav,Bass_drum
0db633631eed61a6873e.wav,Cello
0dee0f711d42de85c841.wav,Trumpet
0df52255380bb3e802a6.wav,Trumpet
0df5eb2c8296289d01e4.wav,Bass_drum
0e03436ae714b46e04ca.wav,Acoustic_guitar
0e17f4725d9902451246.wav,Trumpet
0e241ee129a5555c2316.wav,Double_bass
0e8be59c89c5db3a978a.wav,Applause
0e930ba5149fc0653c0e.wav,Fart
0e996c60406d99e14e06.wav,Flute
0ebe863ffd88b369459d.wav,Flute
0ec36aa9e1d4b3ab155a.wav,Cello
0efad4d954b4bbc96cd2.wav,Bass_drum
0f11db107701328c3240.wav,Flute
0f18302b6e131e2e0ff7.wav,Applause
0f3776f308fef9771c2c.wav,Double_bass
0f91dc5737fef9208ebd.wav,Acoustic_guitar
0fd5ece9d53ad4898f34.wav,Shatter
0fe07d4cfbe9927dd5ff.wav,Shatter
100f1a4bd10082f49613.wav,Double_bass
1055e33935b3df8064fa.wav,Fireworks
107c246885ea0ac43be3.wav,Acoustic_guitar
10a3f059ab694c7d299c.wav,Trumpet
10c31fea9ac5ace4417c.wav,Shatter
10e633254ee2f0e9356b.wav,Double_bass
10f1ebcd1055c6ee83ab.wav,Trumpet
11cb5984728eccc5d8a5.wav,Flute
128c18b938e9814d0b92.wav,Double_bass
12a4efd56a2590fd3b37.wav,Cello
12b4e02ffc1504beafec.wav,Shatter
12b538f33bf26d7847db.wav,Cello
12c69d5de96c498afa8e.wav,Bass_drum
12ceab943b05b374ed54.wav,Applause
12e4147aa61dac7321bb.wav,Fireworks
12e5f96a4aec74ab9370.wav,Trumpet
1330f2ce298ae03f3d84.wav,Bass_drum
1333294e11f0eace838f.wav,Fireworks
134408ea3267f8e1099e.wav,Bass_drum
134bd8bcd2aed2bfa112.wav,Fireworks
136025bfd05a9c2341f6.wav,Trumpet
13a9552d45ce2fea7108.wav,Trumpet
13bbc32778667d05e3c7.wav,Trumpet
1408b985e3824dde44b5.wav,Flute
142231035bbaf0f267cb.wav,Bass_drum
1452b3042222c84271b7.wav,Trumpet
1472906fcd5d466ff106.wav,Acoustic_guitar
148102719c4f0e0da998.wav,Fart
14d8fe0850e03367dde4.wav,Acoustic_guitar
1518b12da947a75c8f70.wav,Shatter
154f741450d8c3b4ed40.wav,Shatter
15664df299579bf82c9a.wav,Applause
1574b7cfc9e4281d617b.wav,Flute
1586ec986434165b05e9.wav,Fireworks
15bac9496a011c320124.wav,Shatter
15be81866d4284edb635.wav,Flute
15e2dda68c6e04545f1c.wav,Cello
15e86fb882f95cd6a8bc.wav,Cello
15f18c6a2f6fddb88368.wav,Bass_drum
15f74424d214a0c561ea.wav,Flute
15faba40faaa945911d5.wav,Fireworks
163b2d491d08530f1ed9.wav,Fart
165d1c95b3110ed903c7.wav,Bass_drum
1664e07eff7c6213ae60.wav,Double_bass
1678bddcccd5b32f7ddc.wav,Flute
16844d9fc81d146edee1.wav,Cello
1700f939c0a387ad1f08.wav,Flute
1710c7a8b244328c4c2c.wav,Acoustic_guitar
17c72196b6668323ad6b.wav,Applause
17d55948b1a95258fbd0.wav,Acoustic_guitar
1827319165c12ed31c49.wav,Trumpet
189a14b9d8fd5e26222a.wav,Shatter
1913324c6423013db8d6.wav,Fart
192c36587e620fd79723.wav,Trumpet
19358c9d4b86216ef955.wav,Flute
1942494f065eecc7da16.wav,Shatter
1944e64e83a61402db9e.wav,Applause
196041cb7c0824cc0232.wav,Flute
197251ad74d698cd5bbb.wav,Fireworks
197e4ba8abe48b1af504.wav,Applause
19e9c4ef031116ab1ecf.wav,Applause
19ec220e846d00c69991.wav,Double_bass
1a06614b64f4cbe538f6.wav,Fart
1a3ab885ee95ce956a29.wav,Cello
1a5b6032d68ae25f27ff.wav,Double_bass
1a5eff2fa53ac80a8633.wav,Cello
1a9af284f0945d3aae1d.wav,Fart
1ab773598ffb46ca3dbd.wav,Applause
1abeda34c7f3d3c4379c.wav,Double_bass
1ac1c9f93fdeac8f0f1f.wav,Applause
1ae9db7e104cb9b6142b.wav,Fart
1b070fb60107483e8d19.wav,Flute
1b17aab2caf1578dbb29.wav,Fireworks
1b2cf67cd292bc312bbe.wav,Acoustic_guitar
1b314ec34f4d777338ae.wav,Fireworks
1b4f3c349c916550ab28.wav,Trumpet
1b59e4f9119669bc8fe6.wav,Applause
1b74ffed097a8a84de8f.wav,Bass_drum
1bb0a78f6a22651101fe.wav,Cello
1bdf8288fa5112d8c51c.wav,Fireworks
1bf1ceaee2ef30eed9e4.wav,Fireworks
1c0fe3301d81d13283c4.wav,Double_bass
1c19dc8925752bf6cadc.wav,Flute
1c1e2fdc2a9a38c290aa.wav,Flute
1c7ba388264cbca7b6fc.wav,Bass_drum
1c8d844ab3114ddebd13.wav,Shatter
1cdda6ac6dc322a86438.wav,Applause
1d25791db5680bcbfd55.wav,Fireworks
1d2b61e58bf2e4b73bbb.wav,Acoustic_guitar
1d7f865e3c3bff9d61b5.wav,Bass_drum
1daa7be4929821c254f3.wav,Fireworks
1dcb0b4810d77843aec2.wav,Fart
1ddae075bcbea964dcee.wav,Bass_drum
1e1d3e022f56c156b4c7.wav,Acoustic_guitar
1e280f74b308b6f20507.wav,Cello
1e3bb494145d29683d5b.wav,Flute
1e5494668fe5055092a0.wav,Bass_drum
1e82f46834ec5949995b.wav,Cello
1ea0ac9647c2e889e62d.wav,Shatter
1eb1379ed30da224621b.wav,Applause
1ec56729f3b08b9fe4b5.wav,Applause
1ecfb42a3747fc227968.wav,Fireworks
1ede03a3871fe0048fd1.wav,Acoustic_guitar
1efab29d35e1acfed87e.wav,Trumpet
1f04fd27a117d016d837.wav,Fireworks
1f262ae4ee76e41d1ee3.wav,Shatter
1f45b28b04577fefcec6.wav,Acoustic_guitar
1f6ad970268eb3f312ad.wav,Fireworks
1f6e24acd3cc2642d3d6.wav,Trumpet
1f6f1982bbe0f84d6e8d.wav,Double_bass
1f84dcb8e861dce6380d.wav,Trumpet
1f897bf11ac69d036228.wav,Double_bass
1fed9e6cb322474bbd53.wav,Flute
2006fb02acb8ba19e628.wav,Trumpet
200ba0b581fc719d1a03.wav,Shatter
201eef70935a8dba03e9.wav,Shatter
202babce4bb703670d33.wav,Trumpet
207da209356ca75be291.wav,Fireworks
20d34b3f31a7c5650722.wav,Trumpet
20fd92789045ee284861.wav,Fireworks
2159bb24c84d50b74015.wav,Fireworks
219ce99428aa27602c4a.wav,Cello
219dc7c6cdfcac2fb0ee.wav,Applause
21a50cfc8dcca4e2130b.wav,Bass_drum
21ae25f8d95d2bf22ea8.wav,Flute
21b8dd9bfa257845edb1.wav,Fart
2201ffe2b3d0e812f424.wav,Trumpet
220fc332377573f96e5a.wav,Shatter
22240af9dd2949f04ea0.wav,Fart
22384e307d0f69181b44.wav,Shatter
224b20d265bfab18f1d2.wav,Acoustic_guitar
226b2ecd744cc69fecb8.wav,Double_bass
2282122d9b3b2cd74982.wav,Acoustic_guitar
2292d786673cbe2247de.wav,Cello
22a41d61d8d05c6ee9e2.wav,Acoustic_guitar
22edb37d87ca8f63a0fc.wav,Cello
23434cbc979e218353a0.wav,Applause
236989db3f3db36f0ea3.wav,Cello
23884f584f8f856f7463.wav,Fart
23b644a9b9a342cf6ed7.wav,Fireworks
2406b40888e1b4ee056a.wav,Bass_drum
240e28177193191a1c41.wav,Trumpet
2429f672f56247c01f53.wav,Trumpet
2442b214277717b17854.wav,Bass_drum
24628cb2abd55f3793c2.wav,Shatter
24ba098ed281905caa67.wav,Shatter
2527733ec85fb3f8d89f.wav,Trumpet
252b858b428897138f84.wav,Cello
254b72bb16c47fdf1e70.wav,Trumpet
255da5ed7dafcb5f2e64.wav,Applause
2568a71032c26f8c46f9.wav,Bass_drum
25c56c53943c80dd7bf8.wav,Fireworks
25d4102e4af38ea05488.wav,Bass_drum
25ec1ad8b6cd1c40d58a.wav,Flute
260625d42965f0eedfa5.wav,Trumpet
2659c1ab37fdad1d2234.wav,Cello
26809d0b71005567c9b1.wav,Fart
269b67368f722dac6a78.wav,Acoustic_guitar
26b39e8194cbd80a03a0.wav,Trumpet
26e659a4c6694b1ea0fd.wav,Applause
26f65e48ba6d1122dd84.wav,Acoustic_guitar
270f556bb04bf22525ac.wav,Acoustic_guitar
27251cbebd5e757b8e7c.wav,Trumpet
2785751ffb834e5c23ea.wav,Flute
278c7ef0440ff60c370e.wav,Bass_drum
27ad5d976964e3e62e92.wav,Cello
27ad62488a51a57b091d.wav,Acoustic_guitar
27b64de59b052789d58a.wav,Fart
27cb4a708d048b62a9be.wav,Shatter
27d75c54a21beea43134.wav,Trumpet
2851f7d832676ac1e7dc.wav,Trumpet
287257be35c90b4b80e2.wav,Cello
2884954f80146b138e78.wav,Fireworks
288a4ae729d5f20fe0fd.wav,Double_bass
28a2f3bc70d1f6e1462d.wav,Cello
28bc6da02a442efdd629.wav,Applause
28c4199f5b2c7a9b3410.wav,Cello
28f986fb30cf30bc6a1a.wav,Fireworks
291b0eec57696e5703b1.wav,Flute
29a67d2d8abbb4874d04.wav,Cello
29b79a4b5d5d755b0613.wav,Cello
29da6ffc93635e15d9a7.wav,Bass_drum
2a24c0302a705ada4db3.wav,Double_bass
2a978ca5fd6a2a118033.wav,Double_bass
2aafedcdaadbde60f6bf.wav,Fart
2ace1a4473a356cc1f8b.wav,Shatter
2adc793ad8178161a7de.wav,Fireworks
2af91771001c5c90fbd7.wav,Flute
2b0d1ac04941d277ea1e.wav,Double_bass
2b0e031ebd300ddee4d4.wav,Bass_drum
2b2238067ef04c044c3c.wav,Flute
2b63476664f04ec36171.wav,Shatter
2b677157c3e0b515fc56.wav,Double_bass
2b873517fbc8f675552e.wav,Applause
2ba6548c88cd888c58df.wav,Shatter
2ba8b2d5423fe4460a22.wav,Bass_drum
2bab6f492ca81fb91299.wav,Cello
2bd0057ff9abf6957a79.wav,Applause
2bde40269bdd8481b231.wav,Applause
2c2ed0297649c9e0a731.wav,Fireworks
2ca02064ea2725c5c805.wav,Acoustic_guitar
2cb820664272c545a15c.wav,Double_bass
2cc6ab0172ad2ba4682f.wav,Double_bass
2d18615f1321191bba33.wav,Cello
2d22564ef5e7b6e62063.wav,Double_bass
2d2900e792da5d4f6ab2.wav,Trumpet
2db4ace455ebc59bf44a.wav,Bass_drum
2e985610abbb663d86c3.wav,Cello
2ec099cd4781112d5531.wav,Fart
2ed16ca17407bed8e1e0.wav,Bass_drum
2f3cc1da8f581961aacf.wav,Bass_drum
2f7a2f9ff7f35c260f48.wav,Fart
2f89f72368724d7f9bf9.wav,Bass_drum
2ff5f2416b454021b22a.wav,Cello
3011465e53580686a727.wav,Flute
3015f097b27822f52b86.wav,Acoustic_guitar
305114ffb45abd5b42c7.wav,Acoustic_guitar
3067b31e5c34f992ecdd.wav,Bass_drum
307d644e7a276fddeab4.wav,Applause
30e2b10e490f1012ad4f.wav,Bass_drum
30e89930dda9a75f814f.wav,Flute
30fdea055427ea52846a.wav,Applause
3107fd5b3f1f9c4b90eb.wav,Trumpet
315c5ca63e09c35849a7.wav,Applause
316504f1daa9a664c8e3.wav,Shatter
316a04bfaaf43205c578.wav,Acoustic_guitar
31892cf186af841155ac.wav,Fireworks
3196c102faed48f71f5e.wav,Fart
31cfe0d6f4193f6c0dc5.wav,Flute
31d00f6c46c1c66c0305.wav,Flute
321539c82f76f0dcda96.wav,Fireworks
322b76fd64e074787024.wav,Double_bass
32711bfeb2de79cf662d.wav,Fireworks
328413f97eb1ce075eb4.wav,Fart
32b238cb244e581dc174.wav,Cello
32ca627878b3a9f4154c.wav,Cello
32cf919514f306bc2818.wav,Acoustic_guitar
32ea0af5296423f22b5e.wav,Flute
3301e288639cac559eb0.wav,Fart
3320d001347cb757662f.wav,Fireworks
333d39daf37e49d14909.wav,Fart
3352df669cdd2024efd0.wav,Cello
3373c36be6b722f8d6db.wav,Cello
337a71ba58b9899eb367.wav,Double_bass
338eff28022c019ad469.wav,Trumpet
33be042504c89da397e3.wav,Acoustic_guitar
33ca3c5356d5e122575d.wav,Double_bass
33e487732a067b0dddbb.wav,Trumpet
33f67c3c7cc085a642ae.wav,Acoustic_guitar
3421672f778af63df75b.wav,Applause
348fa6382bf60aac0c6c.wav,Shatter
3496cdf1eb13c34d8dce.wav,Cello
34a55b1e835e5ae04f1d.wav,Cello
34e2ca54845290a851b5.wav,Acoustic_guitar
34ef4db1004b8036409c.wav,Cello
35234318cc911256b308.wav,Applause
35278a1ca13d68f78030.wav,Cello
352fceba2fced96c6c9d.wav,Acoustic_guitar
355ed2c6336e4258e573.wav,Double_bass
3578452de731c9d7d26b.wav,Flute
35a58e13d094ca567a7c.wav,Double_bass
35d4e9ef2fb2fdfcb3a6.wav,Acoustic_guitar
35d854809541f3b402ce.wav,Double_bass
35fd8a889dfb584db07c.wav,Fireworks
362fb494f52f7a30aee1.wav,Cello
3652796974cfebbeabcf.wav,Shatter
36531dc734f72255eb44.wav,Bass_drum
3657e012473b2f2145d7.wav,Double_bass
367c625e5a1fe1e78573.wav,Applause
369a1fc8e67b8f9df336.wav,Shatter
36b0e52cc20f6028d26a.wav,Bass_drum
36bbc8615d7e819c34c3.wav,Cello
36c936f556fa27f3cf47.wav,Trumpet
36d3627433fbe388057f.wav,Flute
36ff8139b7518b8e6621.wav,Applause
378efde51280b01b6539.wav,Acoustic_guitar
37ceb8f61f58c1ba3184.wav,Cello
37f835dd664c881e8b72.wav,Cello
38075093cb0e1a381df0.wav,Shatter
38116a8858fd00fd82e0.wav,Trumpet
38241face033b5c5afb1.wav,Flute
386744c9fc971cd3cf88.wav,Double_bass
38748abf5af5c4d28a33.wav,Applause
38cd7cb0109b20970c34.wav,Shatter
38d19c9d645c464e0826.wav,Bass_drum
3931b56aaf99a3692e72.wav,Trumpet
3955630a48e710d2173c.wav,Double_bass
39a46634670e9699e7ff.wav,Flute
39d2857e494395076e54.wav,Applause
39f613f78bd28622b758.wav,Double_bass
3a4a7c589780c922d89e.wav,Acoustic_guitar
3a4d90b330b199f32123.wav,Bass_drum
3a4e0a49d0fc2c637291.wav,Trumpet
3ad9f21cf9611c1ddba2.wav,Acoustic_guitar
3adc4ebc569d716990d6.wav,Applause
3ae3f5abdfb51512f5b5.wav,Trumpet
3afb11df0451f749de95.wav,Double_bass
3b1597d22860bb44bbbb.wav,Trumpet
3b449c228d4b1142f0b9.wav,Fart
3b4b7d074a98b50705d6.wav,Bass_drum
3b5d52f4b1a6e4777b65.wav,Fart
3b60ffd3764e2ac330f5.wav,Fireworks
3b6b1c73411b659e3c63.wav,Trumpet
3b7c5bb37bb936ec1916.wav,Shatter
3bab9fe6fc571a081300.wav,Cello
3c0d61ce17ff3cf0ac1d.wav,Acoustic_guitar
3c26394893752923acd3.wav,Shatter
3c29fd343a62ea1548ad.wav,Fireworks
3c3542b0aff91b6a29e4.wav,Flute
3c60534e4be4fcb9b939.wav,Double_bass
3c78fe47c1d7c37a6afc.wav,Applause
3cb48a35764e92b2ff6b.wav,Fart
3cf84c246d84ae254dbf.wav,Trumpet
3cfa47747afdd1565bf3.wav,Applause
3cfcce490747ebd702d9.wav,Fart
3d13a8a5fa38a7a0c6f3.wav,Applause
3d140caabf30907eb4fe.wav,Bass_drum
3d16a2a2d5e4f53798fd.wav,Fireworks
3d4fc17cc92f96e6c977.wav,Double_bass
3d53adcf97526497ca66.wav,Applause
3d5edf919b114e391e9a.wav,Shatter
3d8ef33e760a046f91d6.wav,Shatter
3d9a0bc9a0eac9395d9f.wav,Shatter
3d9a7ff26cae78ca7f3c.wav,Bass_drum
3dda12872c7d86704ef1.wav,Fart
3e0cb7e8e65e67d61b5c.wav,Applause
3e1120352507e50f4b3b.wav,Fireworks
3e261a795f849fd77f4f.wav,Double_bass
3e29b9736f600c8878cd.wav,Trumpet
3e49c56c433b8e2f801b.wav,Double_bass
3e4d640893dd5d660c48.wav,Bass_drum
3e505b31a4a1667bc80d.wav,Trumpet
3e5fd7caea46c1de4b6c.wav,Fireworks
3e6d8272a616e5b85338.wav,Applause
3e71c90a24233ef2384a.wav,Acoustic_guitar
3e7b82947abfe2b473db.wav,Applause
3eb862d742aa8f17c980.wav,Fireworks
3ee6ce27b2a2ece44fa3.wav,Cello
3ef2db5267a5536f3a5b.wav,Shatter
3efb99307d0a4c2e7e26.wav,Flute
3f02b46a3a30fd093924.wav,Bass_drum
3f0455eafca9ae87fb5a.wav,Fart
3f22c876ece4c3c65b51.wav,Applause
3f866dba9f29d9d8534a.wav,Shatter
40555ccdcd79961cff53.wav,Trumpet
4097820e0415c2da8c74.wav,Bass_drum
40b98756bcf32f8d1521.wav,Double_bass
411179347b1e42378a17.wav,Fart
41238723c2a26344e9f8.wav,Bass_drum
4124313075491b9abb64.wav,Acoustic_guitar
4134c9bfa2e36a0f8d29.wav,Fireworks
4163516f342972bb451e.wav,Trumpet
418c6fbe3cf39dc2de5c.wav,Fireworks
41e021ba18e1ab1c413d.wav,Acoustic_guitar
42359fae42cdc5d27238.wav,Trumpet
425724c3fd51ff3c2612.wav,Applause
4287ad14c87d994490e2.wav,Shatter
42e52c5d37517f57a7a2.wav,Trumpet
431e8f6a46034caf3278.wav,Fireworks
433ce2048d3738aa352f.wav,Double_bass
433d43438fb01f415d65.wav,Double_bass
4345b69732922939bf5d.wav,Cello
43507eae0d09068ae9fc.wav,Flute
435a6e514aee53a9101e.wav,Flute
436599aef67eb06f35ac.wav,Bass_drum
436aec7432e693e9f254.wav,Acoustic_guitar
43a298d5c6b33fa9ecdb.wav,Cello
43a4192bf9d4baeb26fc.wav,Double_bass
43de918077503388c8f5.wav,Cello
43dfba62901e039c5cbe.wav,Fart
440a2f815b682a20865e.wav,Trumpet
444ecd47f70a1956e4e4.wav,Acoustic_guitar
4469a3fe67b348fd7eaf.wav,Acoustic_guitar
44788e215161b29e223b.wav,Flute
44a9659fcc1dbd1b18fb.wav,Fart
44d5ca45a56553514e39.wav,Double_bass
45204bf2c942bccc23cc.wav,Flute
45330d20f0affe5308cd.wav,Fireworks
4546659016cf644611f6.wav,Shatter
4569bd44a4f2c934673d.wav,Applause
458c52ee51c8de9a55c2.wav,Trumpet
45946c12b15388dac792.wav,Shatter
45cf4c314df191d0d8c8.wav,Trumpet
45f4191e770904356c4e.wav,Trumpet
4637dd91351a8f717b95.wav,Cello
465016267bfd2e95d8e2.wav,Cello
46a88603e77c591acc3e.wav,Applause
46f98d7a28139d64aa7a.wav,Fart
471fe58a1d08834e8a89.wav,Applause
472ceecbbdc47f57cd66.wav,Trumpet
472db420a9f347388fce.wav,Double_bass
4744cdcc9864f98600e9.wav,Applause
4761fb3a0ff3b8c12845.wav,Shatter
4791b254ff2396d32503.wav,Cello
47a383e53bbd3393d468.wav,Trumpet
47b34da7e90f8b1c08d6.wav,Cello
47b7febebfb46f07b5af.wav,Acoustic_guitar
47e8a2f36db898016d22.wav,Flute
47f4a393b8ec431d45f1.wav,Bass_drum
482ea993076c968f04b0.wav,Applause
484cc04aefa3f8f49743.wav,Trumpet
48528b0308a955782e35.wav,Flute
48af219cf0fc37bb260a.wav,Shatter
48f8d89431af9c2c1486.wav,Fireworks
48fadafcde319dd659ad.wav,Trumpet
49302e7c9bb199a7faa2.wav,Flute
49347ce102c8d1e876e0.wav,Double_bass
495cac1023afd36ebd83.wav,Fireworks
4961fbe421b8a3d29ad1.wav,Applause
497a9c77d47720d77bfe.wav,Fart
49dc31c835a322e7b99b.wav,Fart
49f7dc012f46bcfa59a1.wav,Cello
4a18bd89c34422f4245a.wav,Double_bass
4a1a60c6676cad48ba7c.wav,Bass_drum
4a2c3c670aedf60bdb29.wav,Acoustic_guitar
4a30469ed867992fce24.wav,Flute
4a4af076fee06b375cd7.wav,Fart
4a66c5400bd71750df91.wav,Applause
4a78c8c3987e7f80c6e5.wav,Cello
4a7d6a9586aa10215168.wav,Trumpet
4a8fcd32280cc8d0830d.wav,Bass_drum
4aa1015aa7408dc0b194.wav,Bass_drum
4aa3dc50edc675e6ed37.wav,Applause
4abb42ecd793949845d2.wav,Fart
4adb69eaa910da8a7b09.wav,Acoustic_guitar
4b243036d791b3e43d8e.wav,Cello
4b49e08d7bd3f95453fc.wav,Bass_drum
4b664b65925579442d7d.wav,Double_bass
4bbf83f86db3158a3149.wav,Cello
4bcd22c1ac976c9de128.wav,Fireworks
4bdfd613a91166be0013.wav,Cello
4bf034f3f403ff7486d0.wav,Fart
4c24dcfe062fc6b9df6a.wav,Fireworks
4c5898aa643a19fe2a50.wav,Applause
4c69089da63b599639b1.wav,Double_bass
4c6a6ff00c04cc5a0527.wav,Trumpet
4c72aa513ccfd8aa88b3.wav,Shatter
4ca40f6805635c689a70.wav,Fart
4d0b89b133aa33187fa0.wav,Acoustic_guitar
4d29c633f728546fc50e.wav,Shatter
4d745b8bc5792ce13862.wav,Fart
4d867b34bdb72baccc93.wav,Bass_drum
4d879f084c742ec4ded5.wav,Applause
4dc7e5a0dd771b92f73e.wav,Cello
4dca290eb2ad6826d533.wav,Cello
4dcd116d136f6050cad6.wav,Bass_drum
4deb964da79261cc06d2.wav,Shatter
4df8f8e4bbd5795de3c9.wav,Cello
4e082ced2e1d2a9ef32d.wav,Flute
4eb167c276da899cf1b3.wav,Acoustic_guitar
4ebc080464db5533cd1a.wav,Acoustic_guitar
4ede255d9d2c81233d7e.wav,Flute
4efe214a7779a431d66b.wav,Shatter
4f10d4ef0450542dad4e.wav,Bass_drum
4f5ee4e234c16e10a3ec.wav,Shatter
4f879dc32be9408c5032.wav,Trumpet
4f8af9c1383da6ed78af.wav,Applause
4fa0435f259a4cf2f349.wav,Fart
4fc5f1b9067ed435048f.wav,Double_bass
4fee6f75e06301bcd8e5.wav,Flute
4ff4886558a7178e10e9.wav,Acoustic_guitar
50070a7554029ca4655a.wav,Applause
502239594f1a975752d1.wav,Fart
5055ccbb977103957c39.wav,Cello
506ac64b5334d4f9d6ae.wav,Bass_drum
509c97261d8c45d799d7.wav,Double_bass
50a4152ab1e56c69b5bd.wav,Double_bass
50e03eb8116a79b5eedd.wav,Acoustic_guitar
50e68cf40f38eb526c3b.wav,Fart
50ec4c956385bd5cb874.wav,Acoustic_guitar
5105d84e429b75fee388.wav,Shatter
510f520b5188d19b25f8.wav,Fart
515d5bd3bb7302793674.wav,Fireworks
51b127be07c91a8f0d6e.wav,Double_bass
51b968e5081330dbdc8d.wav,Acoustic_guitar
51e821f256c036574d7c.wav,Double_bass
51fda6462cfa5935dfff.wav,Cello
51fe72d5900f0578fe78.wav,Acoustic_guitar
521fb6c53bf11e946aa7.wav,Acoustic_guitar
522b1c7054e251a483a5.wav,Cello
52769a6cfbaad8d6faaf.wav,Shatter
528de9f4e3a47cb843dc.wav,Fireworks
5322f50e9e865cda7c18.wav,Trumpet
5335524bbb902fd9b50a.wav,Flute
537b4e293658d2e04763.wav,Fart
53b01b52c834234876ef.wav,Trumpet
54371f37f8a2153241d8.wav,Trumpet
5452c37afbccdc4fb9ba.wav,Acoustic_guitar
54651609974aea0181f0.wav,Flute
5498e23753cd0204b103.wav,Bass_drum
549a82f7b4580cdbe120.wav,Trumpet
54ac98daeea730e4d580.wav,Flute
54af57f61e174d531e79.wav,Acoustic_guitar
54b82cc1ac5e443e767d.wav,Flute
54e014bbbcb94fab4029.wav,Applause
553393e99230b4592213.wav,Trumpet
55341051358096a2faad.wav,Flute
55a3663346b3d21e099d.wav,Cello
55b01a7bcd31727a861e.wav,Flute
55c8d544efa8333c9bce.wav,Acoustic_guitar
55d84db83b410644e776.wav,Applause
55de4a888a2071eb8301.wav,Cello
56009966c19d91eed5cf.wav,Cello
560be596f4c40697699d.wav,Double_bass
568c0d7e5267391513bf.wav,Fireworks
569dbb887239b77fd10b.wav,Trumpet
56a45dfcd0861a8ee8b4.wav,Acoustic_guitar
56f9600c22db350ee966.wav,Fart
576245d7c1c805cb4bde.wav,Acoustic_guitar
576444628c0d61795e49.wav,Bass_drum
577b9189c29c5347dfc2.wav,Flute
579774f92dd679406459.wav,Bass_drum
57a7e8852d12fde33afd.wav,Flute
57ad21ea73137a5b2309.wav,Fart
57bc7c4038b4b67bc2f6.wav,Cello
57dc47d95ff8679b0a12.wav,Bass_drum
57fa699d6a7d2ee43a1b.wav,Trumpet
58176f017049ee1a2254.wav,Fireworks
5842a1a659deab10e59d.wav,Double_bass
584cc90b59a621e504a1.wav,Bass_drum
58611ae224b1677d0359.wav,Shatter
5878656306a869b5c4d0.wav,Fireworks
5898dbf7ef7517d5ae18.wav,Flute
589a8e1becc529835efd.wav,Flute
58ac3f26c3e1105688c2.wav,Trumpet
58b1e436ace05bfb6554.wav,Flute
58c6385c441d9cd21250.wav,Fart
58d7e94b1914a05a35d0.wav,Bass_drum
58f5197d76c2a6476fe1.wav,Acoustic_guitar
58fc74c41af1bed4351d.wav,Bass_drum
5921f1cbd8cdffc1e365.wav,Acoustic_guitar
592d6132fdbe37c9855f.wav,Cello
5931ac1f22a7d0e2090e.wav,Bass_drum
593b53ab9c6e55f086f6.wav,Acoustic_guitar
5943096e3d25d1bfd4c7.wav,Bass_drum
5964a683fa5801ebcff8.wav,Double_bass
597682f23e2ace0ff8b6.wav,Cello
5979cc4c068cca7ccf83.wav,Applause
597d12fbbca474d7aa18.wav,Flute
59946a9e2ff9c423bd3b.wav,Acoustic_guitar
59ca32ee01be735900e9.wav,Double_bass
5a1f27c4e3116a7295e5.wav,Fireworks
5a9109b28da3e8f45fd1.wav,Acoustic_guitar
5a97aaf3970628a53b03.wav,Double_bass
5ab159349ba85dab958f.wav,Applause
5acf73adec4299e8508a.wav,Acoustic_guitar
5ae918bf24bb8fb9cd65.wav,Cello
5b23ed9cc1f83e8c6cf5.wav,Shatter
5b4ffeba74877e2821a7.wav,Cello
5b6aab3d1473c9cb78b4.wav,Trumpet
5bcc70e710f3715f67da.wav,Fireworks
5c40332305210cb02069.wav,Bass_drum
5c6c30f878e109b1cb6f.wav,Double_bass
5c704520aec6a8cc10b2.wav,Shatter
5c7f6eda40ce77c711aa.wav,Trumpet
5c7f94c266b4ee28450c.wav,Fireworks
5c80ea372b4599ee9ab1.wav,Cello
5c9bea97acb73157ef71.wav,Double_bass
5c9cbd861f35c98e0045.wav,Fart
5cd231e4502ffee8eaca.wav,Double_bass
5cd5e27eea1024c221c6.wav,Acoustic_guitar
5d12c7c07632cc41a77d.wav,Bass_drum
5d1dcd3363ecd7e9f953.wav,Double_bass
5d25442c412aee4e12d3.wav,Double_bass
5d761446e3d9bdbb62c5.wav,Fart
5d7780df794b0bbc15ef.wav,Flute
5dd68f926bbafc552daa.wav,Fireworks
5dd69a6bd9481843a244.wav,Bass_drum
5dd6a3906aac95cf880d.wav,Fireworks
5de717057d935b0d7a0e.wav,Bass_drum
5e00d7bcfe4644fe8ab4.wav,Cello
5e0a9610035a739fb5a5.wav,Shatter
5e0f87f1839d3b22d797.wav,Flute
5e60e3dc7f4db7afa43e.wav,Flute
5e6b7165c377afed3188.wav,Fart
5e7178bec5abf6883cd8.wav,Bass_drum
5e80ca86c6490cc434ef.wav,Trumpet
5e9150fe9f831504540a.wav,Flute
5ea4688a3e670d2383dd.wav,Cello
5eab00350568bd4614af.wav,Fart
5eac33057e1ae3005be3.wav,Flute
5eba2b8c96183235809c.wav,Trumpet
5ec262297e7c2a0400f5.wav,Fart
5ed09f438b75a3f6b5f7.wav,Trumpet
5ef5b7b1dd1c4457c760.wav,Fart
5eff29a180678a78830e.wav,Applause
5f174113b52d634f6af8.wav,Applause
5f5ac2dbce6b3fe5b009.wav,Fireworks
5f84026ea0266d51b6f5.wav,Fart
5f88a929f63d58647f1e.wav,Acoustic_guitar
5fa59694ad3b2fe4b5e2.wav,Double_bass
5faaa4fa2ff7c81ae90d.wav,Flute
5fba0e1c4d805617fd63.wav,Fireworks
5fe7d436c3a98d3d923d.wav,Fireworks
600d83f1164ddfb26321.wav,Fart
6032f20b516d10ae790a.wav,Bass_drum
60981e08340316233b8c.wav,Bass_drum
60b76a541ea081300086.wav,Trumpet
60bc64c12dc0f4d8bdca.wav,Flute
60c3ce6fc1c91ca6a12e.wav,Applause
61327afa97655fc9ac6b.wav,Bass_drum
61aa4ed58192b57c171c.wav,Fireworks
61aaa8a2d190478ed54f.wav,Shatter
61baac425b20fbc578ff.wav,Applause
61bbfed861511ff238a9.wav,Acoustic_guitar
61bfebea8da4b9b107ca.wav,Trumpet
61c0c2396f78bcc130a1.wav,Flute
61da901bb294c5fb1ad1.wav,Bass_drum
6213dac7e4ff11937c9a.wav,Bass_drum
6228244b9400bd9069df.wav,Shatter
624b508d117d7c52ba9c.wav,Double_bass
6267be00930e9eb97335.wav,Shatter
62c43996fc5a84871db5.wav,Bass_drum
62c44c543531c7d31e16.wav,Acoustic_guitar
62f07b914c42e14afa09.wav,Acoustic_guitar
62f9a7e41f5038392ae8.wav,Acoustic_guitar
631bf8d138239998fded.wav,Double_bass
631d7f42d1c6402ba8a5.wav,Shatter
633811b56bdc1567ab57.wav,Shatter
63406e97613ae2b69992.wav,Fart
6356b80304debf5b1f05.wav,Fart
636b90fdae24a225ef8a.wav,Shatter
6396207ce53db0be049f.wav,Flute
639cc6fa5c2e3da5be6b.wav,Cello
63b0e0d4fe6c60fd6bd8.wav,Acoustic_guitar
63d6e6715b04c44c01d7.wav,Acoustic_guitar
63d9c520b123f6e66b76.wav,Cello
642f6e19a1265a4c55d2.wav,Bass_drum
6441e22dae6422fa72d0.wav,Shatter
644ad47fcde09ea9c844.wav,Cello
644c5cf4d3c30c28d618.wav,Fart
64600b862d2e2cdeab30.wav,Fireworks
64b1d4a039074a471787.wav,Applause
64b64917f475e78ffec2.wav,Applause
64d951f2aefdb9650bee.wav,Bass_drum
64fe30c2d2dfab74439b.wav,Fart
65332f636c5130818e68.wav,Cello
655975b6cc9735ff8cc4.wav,Trumpet
656f8db309d79631a899.wav,Trumpet
659ca27e5147321dee38.wav,Double_bass
664c386ddccaf50e94aa.wav,Applause
66912b0b6b053d8ded03.wav,Trumpet
66e599a509a3eb8cb132.wav,Trumpet
66ec7b11c66fd3d23caf.wav,Shatter
67683bd001cd803f20b6.wav,Fireworks
67788ebbf90ac1f3cea1.wav,Applause
677abf57fc2c1ce38b84.wav,Bass_drum
67b45ba236479b078e9f.wav,Bass_drum
67c87e5b5fe3d3128d93.wav,Flute
67e6458718413f922d7c.wav,Applause
681b9d43a538f076e9e1.wav,Bass_drum
6825ee74dd27d23b90cf.wav,Fireworks
686e0391bdc5d44032c1.wav,Flute
687cf480b1359c09dc12.wav,Flute
68a66b6cc03f91217b2c.wav,Applause
68ba1d38e283607e6bb3.wav,Flute
68bfede088e50f5489f2.wav,Flute
68c68de1b0e0f277882c.wav,Bass_drum
68cf349c4793210266c9.wav,Trumpet
69013fa4deac20d8cca8.wav,Shatter
6922893fe4d8bb87e2e4.wav,Cello
697878359784491e6f43.wav,Double_bass
698f6715b5beb985f589.wav,Flute
69920ee2cf95bc854b34.wav,Fart
69c7a7ac8350ae81aa37.wav,Shatter
6a10a1db09420d187122.wav,Flute
6a1dd62babe33e5580a3.wav,Double_bass
6a30b5935fb57f056319.wav,Trumpet
6a394572efdc2bc518e6.wav,Trumpet
6a7249dadbf39e9df14e.wav,Double_bass
6a7a9557d8d5d147dd26.wav,Trumpet
6abd924d8978e8236920.wav,Trumpet
6ad6068efcc15bd05cb1.wav,Applause
6adca62a63988692109e.wav,Fart
6ae4f372d841988e9033.wav,Cello
6aebb6b1367a70f504c0.wav,Acoustic_guitar
6b24eaef25c05437cd3e.wav,Shatter
6b5e07f86211fb21ce90.wav,Flute
6b922b7c61a3ee3eb7b1.wav,Applause
6b9c33ff8b56352bcc16.wav,Acoustic_guitar
6bb2c20514c24dd352a0.wav,Cello
6bb2c28ae3bd786cd5e7.wav,Fart
6c345d21bfd5cdff4a67.wav,Fireworks
6c840f2f912dbb669611.wav,Flute
6caaaaaa896b2d015975.wav,Shatter
6cbec94bf80fe14b7a2e.wav,Shatter
6cf133bf27041596191b.wav,Cello
6cfac11750a60f483bc0.wav,Double_bass
6d377af2fb4cfa6664e0.wav,Cello
6d5a1a96a537240be69f.wav,Fireworks
6d5d71ed317e58136832.wav,Acoustic_guitar
6d6d1545946a5ea56727.wav,Fireworks
6e029f4292809ba16cb0.wav,Fireworks
6e100949a16740b49d0a.wav,Fireworks
6e2e8e6509df06dd8576.wav,Cello
6e3066da6a950d554855.wav,Flute
6e3473a46028d05eaeae.wav,Double_bass
6e3c34bd05b4bebbbb51.wav,Trumpet
6e57d49cc1c6fe53ce0c.wav,Applause
6e7d07ccbc173764b7ca.wav,Trumpet
6e9dd89bd9f8e35aea9b.wav,Fart
6eab58c0a2372bdffad3.wav,Flute
6ec698d1480732fd3440.wav,Acoustic_guitar
6ec741ca4d952cd56021.wav,Trumpet
6f02a88e51ab6cb02a25.wav,Bass_drum
6f2d4c0c97b29e787f50.wav,Applause
6f39ba60198fd1c0b8aa.wav,Shatter
6f3a0af26ddc92c984d9.wav,Flute
6f53337d097b6e64991a.wav,Applause
6f7e6445bdd7a7368306.wav,Shatter
6fa44a76d4a8a3a3e2a8.wav,Trumpet
70613c2d66fe212468f5.wav,Fireworks
706e65b04cf8f33f9e15.wav,Flute
706e8c33fcdf1b348247.wav,Trumpet
70b9edbb2fb73de11b45.wav,Applause
70ce04593f7c7e339bfd.wav,Fart
7102cc1febfcdd4ae545.wav,Fart
710d5e1c614e4c73ffe2.wav,Fireworks
712c66642f4e4068535e.wav,Shatter
71639dd2aefbc626c011.wav,Bass_drum
718163cc4b898ba2c994.wav,Fart
71b13db17335c47810c5.wav,Double_bass
71cb0fd99170cac72abc.wav,Fart
72063a6e0cd83760d596.wav,Trumpet
722a8ee926aae3ae87f4.wav,Double_bass
722d813b817ac258c615.wav,Trumpet
725c42f7d22b4afff520.wav,Applause
7263d2862f2f0362f6dd.wav,Trumpet
7270eb7fa864e8137f91.wav,Double_bass
72b0e0bec319fed5dd4d.wav,Fart
72bdc804ecde4ede2684.wav,Acoustic_guitar
72c219c2043da2145070.wav,Double_bass
72ed1ff0ebc340af1a89.wav,Applause
733c565563a871496b0e.wav,Applause
7389b5cc706b1c723cc1.wav,Shatter
7396b0b54a1d7d19ecc8.wav,Fart
73a8667f8e5ed67d0ac3.wav,Applause
73cafcc4b7ef7906ea51.wav,Bass_drum
73e3c1fc8500022d5c2b.wav,Flute
73ea4a663d873e836690.wav,Fart
740338c60c29e00753ad.wav,Applause
740d81635e360a85e08d.wav,Double_bass
7441c4ecf98c67d439f6.wav,Fireworks
74476f40cc6cc06cb248.wav,Fireworks
74600753a50332e4c771.wav,Acoustic_guitar
747797c66774d10c0d4a.wav,Double_bass
7480253029b02e31ee8f.wav,Cello
754019007388ad1f6e53.wav,Acoustic_guitar
754e17100772946c0a09.wav,Trumpet
7574241d1ee4919f038d.wav,Trumpet
75771c4428c52beeb9d7.wav,Double_bass
7578b336d9661c305cf6.wav,Shatter
7589cd14119383eba464.wav,Cello
75bdc9279773be758015.wav,Flute
75be68a480c12fdf4eea.wav,Fart
75e454b8d5cee4d5dfca.wav,Fart
75ee815a80ec4dcfe76b.wav,Flute
7610948cd4067bcf1fe2.wav,Fireworks
7621e535512a92032a04.wav,Cello
7630e0eafd37405ef91f.wav,Applause
764fd85e5b65a0fa7d8e.wav,Bass_drum
765b197281d7027924d8.wav,Fart
76721ad01d53b20c8625.wav,Flute
771cab4131d8b9d8e3ba.wav,Double_bass
7762648c56334a1b3764.wav,Cello
7766a8aed68b552f72e6.wav,Flute
77ab4ceb2c0fa04a728f.wav,Fart
77b41bca0c0701c9d489.wav,Double_bass
77bd0d081ea88502fc81.wav,Acoustic_guitar
7803f35f4c08e5a18ac7.wav,Applause
78458841d3e7564e0360.wav,Bass_drum
78cc8fdd84c29b98a11d.wav,Fart
78e816551664ba0e0f8a.wav,Cello
7905a2b5f62d5fdc26ad.wav,Bass_drum
7936183dcf26364a056b.wav,Bass_drum
793e16d274af075b60c5.wav,Fireworks
79e94c42c8f7c4562a9f.wav,Fireworks
7a203914a96c7c141ded.wav,Fireworks
7a664b664e9ba5e0e5c0.wav,Bass_drum
7a6f9f9df1c3c30cac5b.wav,Trumpet
7a7eeb69609e54c61f29.wav,Flute
7a8e8e1d428ae9399a78.wav,Shatter
7ab541a31271c9ffb2ef.wav,Cello
7acb6522e9d12bac8edf.wav,Applause
7aef71e1b63b662f2821.wav,Bass_drum
7b061345b0b7c636f225.wav,Double_bass
7b0c934201d727a541d3.wav,Shatter
7b55886be26243f87141.wav,Acoustic_guitar
7b95458c00a8328d4675.wav,Fireworks
7c43bdc5823d9585fd28.wav,Acoustic_guitar
7c4e8f3d0dec50baac47.wav,Acoustic_guitar
7c79b1eda75e98cbae82.wav,Applause
7ca3c3de72a73bcc426d.wav,Trumpet
7ca6fa09f2a4103e2ee2.wav,Shatter
7cbf55e67b99341711e9.wav,Fireworks
7d20931a8ca5df7af12d.wav,Trumpet
7d38f62944666e360d03.wav,Fireworks
7d50949541ab84d95834.wav,Acoustic_guitar
7d8a6dc0ab97ff01e055.wav,Cello
7dc65d9799df3e0b8e2a.wav,Shatter
7dd59b13580f46209fc5.wav,Fart
7de38d53ac5784ce11e9.wav,Shatter
7e15faf9229535381dc9.wav,Double_bass
7e1788f5883b57c33744.wav,Applause
7e5af50b27acf92d7bae.wav,Trumpet
7e7857cf33f8b87e36f8.wav,Double_bass
7e87466d3d15d239c76d.wav,Fireworks
7e88e5452018fcf0b712.wav,Fart
7eb761fb44ca8cefaffb.wav,Double_bass
7ec7c09ad805ca4d3fc6.wav,Acoustic_guitar
7edae698631410cd0108.wav,Bass_drum
7ee2fa0ff641deffdeb0.wav,Applause
7f3587d34e9d6173d292.wav,Shatter
7f36f0bde64cca3dd8a6.wav,Trumpet
7f3c0830f0a1b757c57a.wav,Shatter
7f54503a804f4edfd5ad.wav,Flute
7fafcdce6ad7f99ae6ed.wav,Flute
8007e0e0da42cd26ee6b.wav,Cello
8011187bdf2c746533f8.wav,Shatter
8029cbb6bfc8b5f13829.wav,Applause
808b1ade898e02e73c97.wav,Acoustic_guitar
80bde804c4a9f8ac5b37.wav,Applause
813a56080de199453ae7.wav,Double_bass
814067572b64d91f9ec7.wav,Bass_drum
818424f4899cf1bbcf63.wav,Applause
8191e000ee24da360e5d.wav,Fart
81eada648bd00b757623.wav,Applause
82246bf516492806e8f6.wav,Cello
8225e5ca6f03419be1e3.wav,Applause
822e95e5081db51b2e7b.wav,Flute
82512873b5f90deebe3c.wav,Double_bass
825ae3d44cbefd28e5e5.wav,Acoustic_guitar
82668c75b1528fba220d.wav,Cello
828bbf5e833058dd8662.wav,Fireworks
82960e8c277e252d905c.wav,Trumpet
82ae76c5ad03c35d88fe.wav,Flute
82d68f0bd105bb180139.wav,Cello
82f75cbee931088c5e85.wav,Fireworks
8304b20257cef29c5d13.wav,Bass_drum
830d92a7c2d5cfb43620.wav,Cello
8358bf6e160d6f352f99.wav,Fart
8379660b3c7e37caf959.wav,Applause
83c1e6f3536d93ea50ab.wav,Flute
83c295381aa7a68de25c.wav,Trumpet
83cc41c43c838ae8bc7f.wav,Flute
83f782044d5e7298053c.wav,Shatter
84010e79c1691eb6ef2f.wav,Acoustic_guitar
841552910d5fe65def72.wav,Fart
84dcd454d739eaaa52d5.wav,Double_bass
8508b3350d18c560cb75.wav,Trumpet
851ab28db364b3c3374a.wav,Trumpet
85270e2b7151bc7411b9.wav,Shatter
8536fd867749ee983f69.wav,Acoustic_guitar
8540903e506bbe92d0d2.wav,Fart
85414494800d4c291f5b.wav,Fireworks
8557acaa270416e03dc3.wav,Trumpet
85812e3a9d61f33127f7.wav,Double_bass
8587c8adac2f22500235.wav,Acoustic_guitar
859080fe1274a09cac27.wav,Acoustic_guitar
85a955202890113c875e.wav,Double_bass
85ace8198ea0ae9c3c56.wav,Fireworks
85aee5dbd015c7065fdf.wav,Fireworks
85b7115881e369594511.wav,Flute
85eba8ab1342c2bdefc9.wav,Fireworks
864507079b2c7e1e31f4.wav,Applause
864df90a63ad0a0c82b6.wav,Acoustic_guitar
8655f693f583c208cccc.wav,Fart
8676c1cd3d19e5f9377f.wav,Fireworks
86b0757d84fa5145fd95.wav,Fart
86cdd69ff4f4b083ee49.wav,Double_bass
86d782828a34ea1e0c4e.wav,Bass_drum
870d26556f9b2507c5c7.wav,Trumpet
87387116431394d420f6.wav,Cello
8764a53a058c63de59e9.wav,Double_bass
8771b3a3623fef401154.wav,Shatter
878d889e82e1ebc2b80b.wav,Shatter
87bac857f31be63891ef.wav,Double_bass
87e73340afd8dc406831.wav,Flute
87ea0e5cf81a5a752c27.wav,Cello
87f8a193d01ab03c158e.wav,Applause
87faa722d1f5d2c74b0b.wav,Cello
881fa0721e4f837cbc49.wav,Shatter
884ee9c471e78a210fcb.wav,Fart
8870f8239edad9d0b9e9.wav,Shatter
88b24b98bf397c0e50b5.wav,Fart
88d4afd4bf83053209be.wav,Flute
88e609968f5211ded8a3.wav,Fireworks
88f8d0112a869509c383.wav,Bass_drum
88fb19547f8b6989bff0.wav,Fireworks
88fbfc4d74b693564ebe.wav,Fart
88fed78747bdda6e8c68.wav,Fart
890765a6aea6872f2f10.wav,Flute
892ca3d270cc0021c9ee.wav,Fireworks
89520ab1f7aaf9efa978.wav,Shatter
895ba03fb421c2cb9278.wav,Applause
89660900eac6a631ff31.wav,Shatter
89adabadb45280c0437e.wav,Cello
89b10cce83624772a8b6.wav,Cello
89d9be1b6d63f5591aab.wav,Fireworks
89d9e120b36b13a0fe1a.wav,Flute
8a03aea79ce9ae974cb5.wav,Acoustic_guitar
8a3723a5995be49f7d43.wav,Trumpet
8a61d5db1bfb4dd87c2d.wav,Applause
8a7befa1e3fc13b8d747.wav,Trumpet
8aa7f494ed86478e4038.wav,Trumpet
8ac286c14d737dfea70a.wav,Bass_drum
8ad7503cf9bd6f61e534.wav,Fart
8af09257ee2c6e3bc690.wav,Applause
8b21ab919a4c2c207313.wav,Applause
8b5af3e9703e705384ed.wav,Trumpet
8b655c6b7034ae90596f.wav,Applause
8be709a46e260e4b431e.wav,Bass_drum
8be8e89436c294dbdd95.wav,Acoustic_guitar
8bea8b6975097fb44cc1.wav,Bass_drum
8bf35eb4f9bb2bb288e6.wav,Cello
8c17f3d862dea71bc0a8.wav,Applause
8c45555ed784d6ce8589.wav,Flute
8c6941078da92d78ad2c.wav,Shatter
8c72ee4778d3d1e453ad.wav,Double_bass
8c826c3a2da09fd4fd83.wav,Flute
8c874b94575f39f17826.wav,Fart
8cafabe0fff2adc7a939.wav,Trumpet
8cedaebbe0b145e828fd.wav,Acoustic_guitar
8cf92b46d10e039bccdc.wav,Trumpet
8d1cee80f976e5c41a13.wav,Fireworks
8d6de600f84451862609.wav,Flute
8d7f5426ebe2798ffa8a.wav,Bass_drum
8da338fdfc1258c5f4b7.wav,Bass_drum
8ddb7611babc8899ab48.wav,Double_bass
8defd33d82c9e238fb74.wav,Trumpet
8e126035224227e6ff92.wav,Double_bass
8e1b48ef25b3dd704c7a.wav,Shatter
8e1f7fa932e91b00696c.wav,Trumpet
8e24971b2119d00483aa.wav,Double_bass
8e3d050a3bdf93ef0cd2.wav,Shatter
8e4d7506d0598bead6cb.wav,Fart
8e5f0dc10d429bbfcfe4.wav,Fart
8e67e364d9ef46f9e73e.wav,Cello
8e841f0a5a397cdee747.wav,Double_bass
8e951f0045a25f61b2a9.wav,Acoustic_guitar
8ea4faa58285275eba18.wav,Applause
8ec41f6fe3dcdc8adc1c.wav,Shatter
8ed3cd55a3f7ca7207b7.wav,Acoustic_guitar
8ee28f2175280b1c9af7.wav,Shatter
8f15f66724785800b08f.wav,Acoustic_guitar
8f6a62848a125ebc34ff.wav,Bass_drum
8f8950f4af734b209fe3.wav,Acoustic_guitar
8fad7c1993814814b73e.wav,Flute
8fb407da012da052f4d1.wav,Double_bass
90410d4917557c61d683.wav,Shatter
9049ad70619044516449.wav,Bass_drum
90786ccc3fc5ccaeda14.wav,Fart
90a315f72fe8113a360b.wav,Applause
90aa43bf3653d5145748.wav,Cello
90de2c7f8955ca0330b7.wav,Applause
90f80f7b818181864127.wav,Double_bass
91095757b96d4eb1bf44.wav,Double_bass
9119cca0191450be9489.wav,Cello
912c61019ff22456fae9.wav,Flute
913765207662b886f39c.wav,Shatter
916cab1190d7e3820e51.wav,Shatter
917c09a935f7b0011911.wav,Double_bass
9192c351aa0e79250fae.wav,Shatter
919924b21f2eb65ec507.wav,Flute
91a4b059586643db75c7.wav,Flute
91c01dc4208e950611fb.wav,Fireworks
91c48adf3f1e191bd4f0.wav,Flute
91c5bc504b4b96bbaee7.wav,Flute
91c6797e1db55a45cd72.wav,Cello
91c7575cac1b6ac09024.wav,Flute
91f3ad2f89be913a67d5.wav,Flute
91f84c9c774024a24633.wav,Applause
92270ae66d037be732f9.wav,Shatter
92442825b7b4f8f40f63.wav,Trumpet
92470d52fd45439c0789.wav,Bass_drum
92572e20c4b1882c2aa7.wav,Shatter
92719f85edbab99bb1fa.wav,Flute
9288d08d9cd12e646532.wav,Acoustic_guitar
929c940a51f0acc8ab30.wav,Applause
92c2f9cb4e4913a16c25.wav,Bass_drum
92dcce6347668aa10d70.wav,Trumpet
932b22c7b3fe26005840.wav,Double_bass
933e2f0a47e42567a593.wav,Flute
934c36d64b0bfcee1b26.wav,Fart
937f3efd8e9485402059.wav,Fireworks
937fb3a07bc1991c6823.wav,Trumpet
93987d89ab8255ba1f2b.wav,Double_bass
93df75db1e0e16a9ad9e.wav,Double_bass
9404777794893513e6d4.wav,Acoustic_guitar
941bcdd5c773b3fa3a10.wav,Shatter
9491f2a891ea90732ff7.wav,Trumpet
94b67e358faf953efcbc.wav,Trumpet
94d2f6f7e546f6426b5f.wav,Trumpet
94fc814fb84284bae477.wav,Fireworks
950266a3c800a46c22aa.wav,Bass_drum
95163f91d301f185b8b1.wav,Flute
952bf223e9a23a0650c7.wav,Applause
95526045485803e6aa07.wav,Trumpet
95569340fddee4640b21.wav,Double_bass
9577843aac3a75fd1d43.wav,Acoustic_guitar
959315114df89600e9d9.wav,Shatter
95a27bf905bae6f57ad5.wav,Double_bass
95e7b40c8e376fe7de00.wav,Fart
960315d8dc994a6c2bb7.wav,Double_bass
9672eaca57fe02297730.wav,Double_bass
96778311d3bbc93169a1.wav,Trumpet
973247400849fdd077b3.wav,Trumpet
974941de7bba21f6979a.wav,Fireworks
9755e8f20e0c65a7d6ff.wav,Shatter
97cf4bbb3d1b962cd0b8.wav,Fireworks
97f371d6df059fcd0a94.wav,Cello
9805c0dae0a127eb1459.wav,Applause
9820545fd53db52ed9fe.wav,Fart
984d34bc98a7dbc8fff2.wav,Trumpet
9858f5cc33b1209193cd.wav,Fart
988d86cabdc4d9b3bef1.wav,Flute
98b9774fae826a18c529.wav,Flute
98d531a93ab1573e9e43.wav,Double_bass
98ddfd9de6b84e5b69aa.wav,Bass_drum
98e67c4d193b405649d5.wav,Double_bass
98f32f8b71ce79296504.wav,Applause
99401f0ef3ac77ed03aa.wav,Fireworks
99491692691732329206.wav,Trumpet
995cb59867eea851b670.wav,Fart
9990f4386334f4322a11.wav,Fart
999b1c37e7ecd56f6354.wav,Fart
9a15907808994dca8215.wav,Flute
9a4ff44ee0c7f1cabcaf.wav,Bass_drum
9a5335828c1a08a5292b.wav,Flute
9a539e3e875828e56bf5.wav,Cello
9a5a42f5601c5fb92db6.wav,Fart
9a5bad8b13a657ecb590.wav,Applause
9a8267f6332e45f87e93.wav,Bass_drum
9a9990c3c11f206795d3.wav,Trumpet
9aa239efbeb6b51c8bba.wav,Acoustic_guitar
9ac56d90738da1044928.wav,Double_bass
9ad5b0f4f9dcd513253d.wav,Fart
9aeee51bb1c6310b38af.wav,Cello
9b06d7aa0d700be9d1e9.wav,Shatter
9b32e62d4c0bfaa3157f.wav,Cello
9b4a78b4ef7fc944d734.wav,Trumpet
9b551449940692c9a196.wav,Flute
9b6716993c3dcf952eed.wav,Applause
9b89c5d154584eadeb65.wav,Applause
9bc3e2020196e8315f01.wav,Trumpet
9bd23ad911932b62feb7.wav,Trumpet
9c0048cc4079821a93ac.wav,Fart
9c005218bb476e8fd045.wav,Double_bass
9c099864e367d2313eed.wav,Shatter
9c1bb96fb152e4e803f7.wav,Double_bass
9c5d0f66c25cd2f32c74.wav,Acoustic_guitar
9c812b11e6bb1e0e8dba.wav,Acoustic_guitar
9c8c766fb70c69366da2.wav,Fart
9d11ae0ec9b14dbc288d.wav,Fireworks
9d2636e82a68d9bb97a1.wav,Bass_drum
9d51b14bd8d26f9475b9.wav,Bass_drum
9d574448f71d5610fa74.wav,Fireworks
9d975351cba823d3b38a.wav,Trumpet
9db4156dbecf8804d0d1.wav,Shatter
9ded6ace822a152304c4.wav,Trumpet
9df3247a9339a23ecab1.wav,Trumpet
9e031f90498c3b146e08.wav,Acoustic_guitar
9e33002672bbde0b475b.wav,Shatter
9e4fd3c687d505d08213.wav,Fireworks
9e535b19e2b3ae4766fc.wav,Double_bass
9e6606a7bbe385a4e7ce.wav,Cello
9e67aa15e2dad0427cd3.wav,Trumpet
9e7ff0cb9fd330b6111b.wav,Acoustic_guitar
9ecbcfd1ca16c1127925.wav,Acoustic_guitar
9ef82e91b9fe4e1a6ccc.wav,Fart
9f0829f04761207eb138.wav,Shatter
9f08c34a2fce55b42d7d.wav,Fart
9f1b3644163d5c03662f.wav,Bass_drum
9f43c0a86eb50acecc2b.wav,Fart
9f54a4ed229a6a1855d5.wav,Flute
9f6b515f30c01d2da4b7.wav,Acoustic_guitar
9fc24fcb566c9c0c4cd1.wav,Fart
9fc9f97c24b586fbd1ae.wav,Fireworks
9fef6ab6082c55956b8d.wav,Shatter
a008fe1f74de2558c2cb.wav,Fireworks
a009a81e1124ef2adc63.wav,Applause
a00c151dd5934bfd98a4.wav,Flute
a01e01b0b9c812090a29.wav,Fireworks
a03660390733a8301aee.wav,Applause
a0829f47e3755e5b2773.wav,Trumpet
a0b7e259d33ae181b37d.wav,Flute
a0ba703211ad22d66788.wav,Applause
a0baf33c175642af526a.wav,Bass_drum
a0e21b676d0c4d928bec.wav,Bass_drum
a0f2b24ca1d85cef5791.wav,Shatter
a154f1eb9990cac2f2ba.wav,Cello
a1749955ece27a67ec02.wav,Trumpet
a19929ad864469175aaa.wav,Double_bass
a1f69312bea90328b46e.wav,Applause
a1fca1ab708efaf30208.wav,Trumpet
a2274b5524057c69c710.wav,Shatter
a24794a293d14952849d.wav,Fart
a26fa48762414cc4b420.wav,Fart
a2822b1cbaee04e46c22.wav,Acoustic_guitar
a296acb2f706e3184809.wav,Trumpet
a2a75a1117f62c1434c4.wav,Bass_drum
a330cb58a426195e9629.wav,Flute
a3525944dc17f4f5a9c6.wav,Bass_drum
a35f5a307ca37cfcc544.wav,Fireworks
a37908a29883154b56d6.wav,Cello
a39806539b66cf1cd41d.wav,Applause
a3a9f0edf5f999c10c8c.wav,Fart
a3effa9d3bae8ee40c5c.wav,Fireworks
a3f87f50929a89530604.wav,Fart
a418752a7cc1dcf0d2a1.wav,Applause
a4a36dceee3e1ae9357e.wav,Flute
a53649dcbcd2a3e5c2ca.wav,Double_bass
a5874b037b40b5f60411.wav,Double_bass
a59c5efff1595eaa7554.wav,Acoustic_guitar
a5cee192c7ed672f8369.wav,Flute
a5cfa05f7acc94fdd76a.wav,Shatter
a5d7dbb280c160a74d0a.wav,Fireworks
a5e2dc6b73349fadcaec.wav,Trumpet
a5eaacfea28877673f12.wav,Fireworks
a63edbd3685dd85c71c8.wav,Flute
a68131a1513d2ff845f5.wav,Trumpet
a6a2fdc640a552d9a17e.wav,Applause
a6a966f2613b78f4c725.wav,Double_bass
a6bf81aeb07a5dcd1d4c.wav,Bass_drum
a6f3661662cb68ae3615.wav,Bass_drum
a72280962889b887ae48.wav,Flute
a763649aad95c60dae05.wav,Shatter
a7d19f4366e47e75b74f.wav,Shatter
a7e64ed9c8cceb530688.wav,Flute
a7eff24308553b604e9c.wav,Double_bass
a7f02ec8cb513ea7f6e3.wav,Acoustic_guitar
a8dd5a9d09c94d890fda.wav,Applause
a9103cd6d244f61bc0eb.wav,Fireworks
a92a408bc2fc5c0e523d.wav,Acoustic_guitar
a94c04a41c25a5a0c263.wav,Applause
a94f6b28fcbd424b921b.wav,Bass_drum
a95d30e882d30ff79d81.wav,Acoustic_guitar
a96588f5c4737f5830ad.wav,Fireworks
a98a57e0ea9b90661551.wav,Trumpet
a9ac425261cad830d9c8.wav,Trumpet
a9d535bbde5b36a9e75e.wav,Flute
a9ec7b2394d05bde0ad7.wav,Applause
aa0bd211812375da6e6c.wav,Bass_drum
aa17bb033fbcf846c2b8.wav,Fireworks
aa1ce04a8fce445c762e.wav,Shatter
aa4c9181d4a9a2abe92b.wav,Fireworks
aa80acb876e3b1e28fe6.wav,Applause
aaa70a9b1425f67795fc.wav,Fart
aaf66ddf7c8dcac51ccc.wav,Fart
ab350b378b641f84184d.wav,Flute
ab4b1f8c0d2e15d8b07f.wav,Fart
ab50b28ccb7416c05598.wav,Double_bass
abaa75bd9ec9d49a3a94.wav,Double_bass
ac232c223df5cce932a8.wav,Trumpet
ac23d8100e98c189c30e.wav,Flute
ac25a9751b9437a466d9.wav,Cello
ac2f900866cce246eee3.wav,Applause
ac3177fbe1f9b0155920.wav,Cello
ac42ecde8ec47dc4bcf5.wav,Fart
ac4a34f07f081ab2d9bc.wav,Fireworks
aca33238a15778d54c88.wav,Applause
ad1055025986a136bd4c.wav,Applause
ad37a67dc2975ac76c0e.wav,Fart
ad425c22fbec00983138.wav,Fart
ad5a1fab77e25e11ff24.wav,Applause
ad63cd29fdefc97796bd.wav,Double_bass
adca1ad317efe16c5eef.wav,Trumpet
add1a5b44ac244e34953.wav,Double_bass
ae1103c01caf4122eb55.wav,Double_bass
ae22c3aa86f391a440e7.wav,Applause
ae28f570f8901b792a31.wav,Fireworks
ae3b5de16b7a0a73e6bc.wav,Bass_drum
ae6ea368b349133f1014.wav,Fart
aec2aad54ad6e3a5c158.wav,Acoustic_guitar
aec86a33a0c00cb9cec5.wav,Acoustic_guitar
aed2a72f5dd0b994fd46.wav,Acoustic_guitar
aefc15a09caa991687a1.wav,Flute
af32ea1075dfd0b9f7b4.wav,Fireworks
af3662f7dc281f9d4884.wav,Fart
af3d779cef3f89285787.wav,Acoustic_guitar
af69d419b81b30493149.wav,Trumpet
af82985b83a87c96406f.wav,Fireworks
af8f7df4a23abc3be659.wav,Acoustic_guitar
afabaf87f90802185641.wav,Trumpet
afd29e59541983a3dc58.wav,Flute
b042304e0a64bc97ff02.wav,Bass_drum
b05addc7a8b2b2488266.wav,Fart
b0a6408a18876d18abcd.wav,Applause
b0aa6da7ccd144176fa3.wav,Trumpet
b0d1e69d2c84d16fdb3e.wav,Bass_drum
b0d524ac72f957d4a209.wav,Shatter
b0eb93ffa284b32fa976.wav,Applause
b1016973d26bb361f512.wav,Cello
b124ef81f4d12843f27b.wav,Double_bass
b129eb6283908b79d5f4.wav,Fireworks
b157d1f0937e1e595777.wav,Flute
b16d87f131e8ad708e24.wav,Flute
b17f1375e78353f3da33.wav,Acoustic_guitar
b19d06f82031362f51cc.wav,Cello
b1bb56e963c77dc79af2.wav,Fart
b1cacc7103e87516c28f.wav,Fart
b22c8778cd14c24c80d7.wav,Acoustic_guitar
b238c96668baeafde484.wav,Double_bass
b264d050a6a7989aa791.wav,Fireworks
b27ff50995b425bbd038.wav,Applause
b326459f9a9c9b38c2b0.wav,Shatter
b3272d701ffd69917300.wav,Fart
b327bd81cd06ed300e46.wav,Fart
b33297d56e1122a65c6d.wav,Shatter
b34cabb329147b9b9bb3.wav,Fireworks
b3d8cb40e3bf5a9b8510.wav,Cello
b42093c6ffb1da197035.wav,Flute
b46dfb1ae55f0cf70405.wav,Trumpet
b48ee73ddb178994c5f3.wav,Bass_drum
b4b6ec8cb2e63176818f.wav,Trumpet
b4cc83af7a4b18254ce7.wav,Fart
b4d621826afdefb76ef2.wav,Bass_drum
b4e00e753cfb7dd5838f.wav,Applause
b4e2a458980783b5ac91.wav,Double_bass
b4e404c3f8b15e318cea.wav,Cello
b553bcd823f9e7561c54.wav,Flute
b55be838644d7a0742b9.wav,Applause
b573862e7e4a7c0de98f.wav,Bass_drum
b57996f68731e4e9ae8f.wav,Flute
b57c5c1fbbbd7b283d26.wav,Fart
b5ad80f493d62c37299e.wav,Fireworks
b5cb63082b82e124f22c.wav,Shatter
b5e53606b5202e9bbad1.wav,Double_bass
b5e90c15b772748cc0b1.wav,Flute
b60e9f1704f216ae7414.wav,Fart
b62d63343e452221dc52.wav,Fart
b6328a058c19dad0bb26.wav,Bass_drum
b66ab2e365921d8bcaa7.wav,Cello
b67a3ec04242476ddc49.wav,Acoustic_guitar
b67b3078817f4c65d37c.wav,Shatter
b695520220680514a815.wav,Double_bass
b6a74cff5bde36a50268.wav,Fireworks
b6b411e7c96210124ce9.wav,Acoustic_guitar
b6bff1ddd37a519b2617.wav,Trumpet
b70eef81c88ac1396bd5.wav,Applause
b74e3c90ff1376831e46.wav,Flute
b77949d49bd345636fb7.wav,Cello
b793a75e0808464d2137.wav,Cello
b797d0a781cf4af535fa.wav,Shatter
b7bea0b72982b2d0736d.wav,Shatter
b7dfcfbd517d9c3c40c7.wav,Fireworks
b8072dc44bbb2f2fd9c2.wav,Applause
b8660bf5f4f4bd3f4507.wav,Cello
b8ba668dc0d16653502a.wav,Fart
b8d69f9849b699fb6117.wav,Fart
b8dd1e127150f08839ea.wav,Fireworks
b8e3a9369a2b12cc9f0e.wav,Cello
b8f5580f3fa54fa2919d.wav,Trumpet
b921ced9f11d8487ab72.wav,Shatter
b92f8dac6630a63e5420.wav,Trumpet
b9a78ea0604f818ecacb.wav,Fart
ba00e0185feac99649a3.wav,Acoustic_guitar
ba3c1ae976f505d71693.wav,Bass_drum
ba4474f49e1fac66ab98.wav,Shatter
ba4aed080d254678f185.wav,Fart
ba77918b3479b994c827.wav,Cello
ba80806a44c4a32c0a59.wav,Acoustic_guitar
ba966231c020e47f9514.wav,Bass_drum
bab29b37d8d9ba10c4e2.wav,Fart
bb24a9d5e8eb05f9c73d.wav,Fart
bb2b21dfeb73f1e69279.wav,Flute
bb381c91be1c5e26721d.wav,Acoustic_guitar
bb5f75a0cc850b2ec569.wav,Double_bass
bb604204fda132ba6ded.wav,Trumpet
bb63627cdb8bd008b0d0.wav,Trumpet
bb8079d68be17e63bcd9.wav,Acoustic_guitar
bb89dcc4781623f190aa.wav,Shatter
bb965af2d6aa6c08b6cd.wav,Shatter
bbb0412ee3da690891ce.wav,Cello
bbc3237ec07424c76ad9.wav,Double_bass
bbd9f455c97fb6d4325a.wav,Bass_drum
bbdeb1d4d26b1f38d091.wav,Cello
bbf08eb213c271442b6c.wav,Trumpet
bc033bfda4749284d7a8.wav,Fart
bc06f497ca790bedde3a.wav,Cello
bc183e12f6f1f780468d.wav,Bass_drum
bc30a9f4dc61248c4fcc.wav,Bass_drum
bc33dd4aaac596ee0df5.wav,Double_bass
bc486df478e832f6bb35.wav,Fireworks
bc630ff13ff0e6683f19.wav,Cello
bc8c07db63a3e60c4ebc.wav,Fart
bcb2340e4ebdf28b5f5c.wav,Cello
bce83afdd438baa468d6.wav,Cello
bd0edf756167feb606f0.wav,Fart
bd4865a2c2099ae2cfd2.wav,Applause
bd6975e92d31d8a144a5.wav,Flute
bd6b8a8e374e41818186.wav,Cello
bd8a36d181449550d9bd.wav,Cello
bddda7083783e2b36de6.wav,Fireworks
be1cbe607a9740ee5b2c.wav,Acoustic_guitar
be22566827288177ae8c.wav,Flute
be4eb319b5753f798171.wav,Fireworks
be57fe33f8c9884a98f4.wav,Fart
be9ec7b3d736709b28bc.wav,Bass_drum
bedf1ca6065a94dcfb8d.wav,Fireworks
bf34865edab8048cb115.wav,Cello
bfa91753dec5803ea3ee.wav,Double_bass
bfd111879e114fe51dd7.wav,Double_bass
c05f875fd9988f4f0081.wav,Fart
c0a378a5978c8c4c155b.wav,Fart
c0d7d1a82fb5bfec4041.wav,Fart
c1158b560dbaecd1e74a.wav,Fart
c1bae2dd6b2da525bc56.wav,Applause
c1bd26b116192744c164.wav,Flute
c1bd2936be7676d7615e.wav,Fart
c1be8d848cdcdc28f512.wav,Trumpet
c1d57ec4fa790b206ef9.wav,Cello
c1fb573af3cb916d2993.wav,Double_bass
c20f22952098b75525db.wav,Applause
c21cc10b5391bc24aff0.wav,Fart
c232909e1d41368cbe28.wav,Fireworks
c241648ac5a4d92f02a4.wav,Double_bass
c250dd2ffe73eb53a404.wav,Fart
c25f7570b325e792331c.wav,Cello
c2d2f9ef1cb2915633d4.wav,Double_bass
c2f9cda1c61bcee815c5.wav,Flute
c3017048b541a99144db.wav,Flute
c30bc85e3d64834afa0c.wav,Shatter
c33b3d82f1ecec245522.wav,Cello
c33b4feee09b5f7ab08a.wav,Flute
c33f4479b1c3706d49f8.wav,Cello
c34d10c3d166a2693dc4.wav,Cello
c35c4ade63114e499825.wav,Shatter
c36cdc2f09eba0a93d48.wav,Fart
c37ddb6044646a5a5eb3.wav,Fireworks
c3c3171112d466613008.wav,Applause
c3f85bb97fb50c3f1bc6.wav,Acoustic_guitar
c41aae0ff30d52f12d5b.wav,Cello
c41d94992a3091bf1911.wav,Trumpet
c421a33678092b7d866b.wav,Fireworks
c4cb62b9c74188379a16.wav,Bass_drum
c50b651153a3f3fc0a7f.wav,Shatter
c54181f7160ee40337bb.wav,Bass_drum
c582ea5e6731168e97b1.wav,Acoustic_guitar
c5ce3fcf4d3eb0851cdd.wav,Applause
c6227a00ef29296724a9.wav,Double_bass
c622e7a604a3da26dd0d.wav,Double_bass
c6558374f279af70208c.wav,Double_bass
c674b2d5b5cd520bb8e6.wav,Trumpet
c6949d937747a9cde052.wav,Fireworks
c6b54972b7203b3c9058.wav,Fireworks
c6bc566121eb88778204.wav,Bass_drum
c6f706fc53dcb9f9b2cc.wav,Bass_drum
c7012bd18aa639c338de.wav,Acoustic_guitar
c727c660ffa76eec891e.wav,Applause
c732fcbba1f695508147.wav,Cello
c756ee0ab05aaf0f5c09.wav,Applause
c778d3ec6a5fc0846ca2.wav,Shatter
c7a3584289639bb10496.wav,Trumpet
c7d4662f154e7323b8af.wav,Flute
c82f150e3a382220ee4c.wav,Acoustic_guitar
c833d7f79b6485d70290.wav,Flute
c83c92bee57208e1226d.wav,Fart
c89bd3aa06686c39e5ac.wav,Shatter
c8cf528b6a75d5dcc473.wav,Trumpet
c90921163b58d5890cd8.wav,Fart
c91a6746d5fe6f1a5d49.wav,Trumpet
c91c1aa6d4902c9564e6.wav,Applause
c970c878ed4ceee7ae6e.wav,Bass_drum
c981d9efdc72ba915657.wav,Flute
c98efd2cb7dfd4d4a4e2.wav,Shatter
c9a0775578efee998ff0.wav,Trumpet
c9addadec52062e0c807.wav,Shatter
c9b76027e1a2daf72419.wav,Fart
c9e03f3799865d4e001e.wav,Applause
c9fcd3a62c9a8243a784.wav,Acoustic_guitar
ca114f369476c97585ea.wav,Bass_drum
caa047e91afbea748125.wav,Fart
cabb1eec0e99e0c16876.wav,Flute
cac1a0996ba3e0a6e1ee.wav,Fireworks
cace697508198300610f.wav,Cello
cb0c51d678a11b58f4c3.wav,Flute
cbb00410989cd05b0532.wav,Applause
cc215cb6b315bcb6b037.wav,Cello
cc489c6414c2c25bfa6d.wav,Shatter
cc6c3af482325f3bf793.wav,Fireworks
cc77269637461311301a.wav,Fart
ccaef9f57dcb94d1f4d8.wav,Applause
cce2cb7144fbf602a3d3.wav,Trumpet
cce40238cd494a85a999.wav,Applause
cd11e54eda95f8f5c48d.wav,Shatter
cd5a748092187046ff68.wav,Bass_drum
cd696336b45c15489a6a.wav,Cello
cd73ac90362cbe383be0.wav,Acoustic_guitar
cd842a91f74e0013b781.wav,Shatter
cd93bc27e620ed7d38c5.wav,Bass_drum
cdd99c5d6841b4d6e33c.wav,Shatter
cdf1301c94ac4187e658.wav,Bass_drum
ce4220faad5b631b1390.wav,Bass_drum
ce8b78c7ace65a3aa605.wav,Acoustic_guitar
ceab6c0066dd58ddc81a.wav,Cello
ceb7a5cdc06adf8306ad.wav,Flute
ceb8ac4bc0a6a286a9a1.wav,Fireworks
cebf9e5add630031c630.wav,Fireworks
ceee07c8a7fc6adeb66a.wav,Bass_drum
cf154bc291870e9fb6fa.wav,Fireworks
cf2979a27e246eb6a4d1.wav,Flute
cf5ba6e77c8c9458231e.wav,Shatter
cf900bddb97bc5d18690.wav,Shatter
cf92806841d514cf80bd.wav,Fireworks
cfc4e2e2f0df6689d9b7.wav,Flute
cfce478d66cfa444fc2c.wav,Cello
cfd6fd85a6d5cc3a9555.wav,Applause
cfd89b7f1d6f33141be2.wav,Fireworks
cfd9f6ce31d62d074f18.wav,Applause
cfdca474ebf425d3a7af.wav,Fireworks
d024112cdae27927d745.wav,Bass_drum
d037b17641009f08a05a.wav,Applause
d0831eb869830d12c337.wav,Acoustic_guitar
d086849f2ffdf75fea08.wav,Fart
d094f5bd3faaf889e02a.wav,Fart
d0964ba0b7f548a48891.wav,Fart
d0968e3428ffcc508e29.wav,Flute
d0993b91651b875135cb.wav,Shatter
d0abfd6258c2efa5c087.wav,Fireworks
d0bf0aa4b79c0cf84bec.wav,Trumpet
d0d1ae79e8ed89c937e4.wav,Double_bass
d14b52a5ac372e15c692.wav,Fart
d15f4643af475a799051.wav,Shatter
d18c13b09fe9f5bbd71f.wav,Double_bass
d197ea032d02432545de.wav,Double_bass
d19d674a45295e9ad0d6.wav,Acoustic_guitar
d1a3beef1a03770370a8.wav,Fireworks
d1e90e2f33f1631eda1f.wav,Double_bass
d2307dec64e2a43b8aa8.wav,Acoustic_guitar
d2a80f286204830cb244.wav,Flute
d2dd001c828b98fe20fe.wav,Fireworks
d2fb47192b7ce687a307.wav,Acoustic_guitar
d33d93d729f5277b3cb8.wav,Flute
d348d9337d771e8387f2.wav,Double_bass
d37146764733b6ffc22d.wav,Applause
d3879f6e5a44b792024a.wav,Flute
d38f96e0b7341dbb0cfe.wav,Acoustic_guitar
d3a13c31f81243690755.wav,Acoustic_guitar
d3bc6792468e126be8de.wav,Trumpet
d3cb7912fd0ee5a116f8.wav,Double_bass
d3d5b07af13114897034.wav,Double_bass
d3dbdd6a398d4b21cbfb.wav,Shatter
d3fe650c66339e80b097.wav,Double_bass
d4173f39e15590dcabc9.wav,Fart
d4315b8bf9ff695ae2bc.wav,Fireworks
d44e52d65f57e35b3e0a.wav,Fireworks
d45615c7bd8e5bdba2f9.wav,Flute
d49680f0235438a53398.wav,Shatter
d4a8eeefb8de3643b1b3.wav,Acoustic_guitar
d4b6b0750a52d0c87dcb.wav,Cello
d4fd4d79332cf73d58e5.wav,Bass_drum
d4ffd56cf13c5d3f05f0.wav,Shatter
d509e31c5665c4aea0fb.wav,Double_bass
d52c7c30d5dd0ccbaac5.wav,Trumpet
d591db9f065242ddeb82.wav,Shatter
d59548e6179f98e2796b.wav,Double_bass
d6017961b3b07afa7326.wav,Shatter
d618e3ec16233216de9a.wav,Shatter
d622ff5f31a9eef15c86.wav,Fart
d632e3d69067a8ed61bb.wav,Bass_drum
d66789a428d91f0fdda2.wav,Double_bass
d6961accfb66c85e3e56.wav,Bass_drum
d69f2774cafe4e5a5850.wav,Cello
d736aca41972bbb09421.wav,Cello
d745dac05267965909ad.wav,Shatter
d7594daa2e365947f6d2.wav,Flute
d77ee31eac8b0588b98e.wav,Acoustic_guitar
d7bc087de42d5f370e9f.wav,Flute
d7ea7cde41dadb92f4d3.wav,Trumpet
d7fdf724ee9e86a6a99e.wav,Shatter
d80a2f64e69cbc4d27b5.wav,Double_bass
d81c2dd3348ae5c86daf.wav,Fireworks
d82851e0576b85a4f6a2.wav,Flute
d82a031c6579d88dfde0.wav,Bass_drum
d82be345702ebd04a6c1.wav,Fireworks
d839bde1959e0fd35908.wav,Applause
d8445fbec78bfc19696a.wav,Fart
d8590745933638c14b22.wav,Acoustic_guitar
d8621751916a8b38882c.wav,Acoustic_guitar
d8775c272b7ea6723114.wav,Fireworks
d883df9deda8a2aa6bf0.wav,Flute
d88e799f513fab5f61c9.wav,Shatter
d8ce1c74dcaf9a2a7f04.wav,Fireworks
d8eecdefe82f6c4a15e0.wav,Acoustic_guitar
d934331703b7b3c7d4c4.wav,Bass_drum
d95ddb921234099d1ab1.wav,Acoustic_guitar
d9a27ca7111b49ecb8df.wav,Applause
da1117f9a8d68becc256.wav,Trumpet
da32b68c069008534ad4.wav,Double_bass
da8b14c6854edffd2b2f.wav,Trumpet
da90bc20504d7cc5a613.wav,Double_bass
dabcc90c0214af2caa9a.wav,Fart
dae7c6a980aace771294.wav,Applause
db35ed25c181e527b639.wav,Shatter
db44983497f931284d8c.wav,Acoustic_guitar
db4a2e9100c7e68826a3.wav,Double_bass
db5b919abbbae3d0832c.wav,Shatter
db83c9cc4311c95dcb2c.wav,Double_bass
db95e88841d9665a072a.wav,Fireworks
dba1f08ce70ce3ae00be.wav,Fireworks
dba87bb9f17616531360.wav,Applause
dba8c206a6aa1d039f98.wav,Acoustic_guitar
dbcde819e90f85f014fd.wav,Applause
dbce0b5cb80c91063cd0.wav,Flute
dbe91cdee4335cf3524d.wav,Acoustic_guitar
dc5a863ddc5763ad75a1.wav,Acoustic_guitar
dc63353922b7c7503f5e.wav,Fireworks
dc7cd4f6bb1e22555ae0.wav,Applause
dc9291e2dd7aa276ed54.wav,Cello
dcf5f0e3f916537dfa01.wav,Cello
dd15a5af2b3db9ae4dde.wav,Acoustic_guitar
dd1e7415a660f43793fc.wav,Fart
dd9e50014d7535f0a707.wav,Shatter
dda1531d852a5f22e4c9.wav,Applause
de8c168d817df4154242.wav,Cello
de9b90e945dd3459d694.wav,Fart
de9c133bdb147c548033.wav,Bass_drum
deb9e198fca4c5db7e53.wav,Acoustic_guitar
debcd335910e898e2bb4.wav,Shatter
def4b6ae93093c7fb5fe.wav,Fireworks
def629dd88cbb49080f8.wav,Cello
df077ba23cd7da424e65.wav,Cello
df1e32194351d2465291.wav,Trumpet
df5f96814a7a1e872aba.wav,Fireworks
df9eabce5f55ac0302ca.wav,Trumpet
dfad098f7661ee707083.wav,Applause
dfb58e87b980c0190c1a.wav,Fart
dfba9219eaf9b8b0ede9.wav,Acoustic_guitar
dfbd1b11ac1b1a344e83.wav,Shatter
dfc9c4b676acbe295145.wav,Bass_drum
dfe2fd33b71962f121d0.wav,Flute
e012052153a5d74a60ae.wav,Bass_drum
e0205cfc14e9f7aff09b.wav,Bass_drum
e02d71381fbefc73e7f4.wav,Flute
e05cf6cdabaddc5ce5fa.wav,Bass_drum
e065009d6df96c87d440.wav,Cello
e0abfcde1ded9e955aa8.wav,Applause
e0cd238027967d0266e2.wav,Bass_drum
e119660318edb5b5c6e7.wav,Fart
e14215acbb1920ecfd3f.wav,Trumpet
e166cb6987daf239fd70.wav,Cello
e1bfb915408c7ac7f176.wav,Fart
e20de604b9b78f3c329a.wav,Cello
e21b10b9a219d1482a4a.wav,Applause
e236f5d67bb2c1eaba19.wav,Bass_drum
e241e0c24e66763edc5a.wav,Fart
e250b5ae112fcc558d4e.wav,Double_bass
e2738c6908648894148e.wav,Applause
e2a0eed730d01668c939.wav,Fart
e2ba46f395a21a49d98e.wav,Flute
e2daf5e7f479aa1df5c6.wav,Applause
e2e5aabcfa28cb4a8636.wav,Flute
e2ec45ba970be311ee5b.wav,Fireworks
e30d15a2f934b86f6d42.wav,Shatter
e30e4de6b4f9f03fe481.wav,Cello
e310f730fb99c2e627bf.wav,Trumpet
e345dada0f161ec4254d.wav,Applause
e34afb693bf2404c73f7.wav,Shatter
e36e70d42b9ec2dfc283.wav,Shatter
e38d4b9cad0eeacc210e.wav,Double_bass
e391dc1a6623387b36f5.wav,Fart
e3a45a327b45b7430878.wav,Cello
e3b395221dd7afbef34f.wav,Trumpet
e3da13d8e3edb5f1313a.wav,Cello
e3e3f612d3fe3f3788ea.wav,Double_bass
e3e5d8a6f7fa8768c800.wav,Acoustic_guitar
e3f954616c5a2f07cff4.wav,Fart
e3fd701d2fc47ae65762.wav,Bass_drum
e4241513d1e32c7bec0b.wav,Cello
e43df72e1254694cc8c2.wav,Applause
e44b1ede86d5dbea8e2b.wav,Cello
e44c1baa3b2fd9cd46ee.wav,Bass_drum
e44ec49c627722a31de7.wav,Fireworks
e4730133c67c94cfe14c.wav,Fart
e5424409de6b33fe84e1.wav,Shatter
e5442e3ec24c4a44f8ee.wav,Acoustic_guitar
e553d27a2d2dc1e69152.wav,Flute
e5827ecc52dcf14baaa8.wav,Double_bass
e591a0fc3dddc153b9d6.wav,Fart
e5b4bd62d88dfd88b478.wav,Trumpet
e6432b45ba4a15218ce0.wav,Acoustic_guitar
e66999ae3d1ece9d55a1.wav,Shatter
e674c8d121f6e788fa10.wav,Bass_drum
e699030e0f44daee625b.wav,Applause
e6a99699e33705f4cd20.wav,Bass_drum
e6dfb47867fb9aa623fd.wav,Cello
e718ce13a740b2e35ea8.wav,Fart
e7421994052c6b39972f.wav,Acoustic_guitar
e7616683ddf326484dd0.wav,Double_bass
e7a58cd3d710a9d50dd1.wav,Shatter
e7b5e3d1240b49fd7402.wav,Shatter
e7d2379aa1fefb0af37a.wav,Applause
e7d3c9d7534bc3397c98.wav,Double_bass
e7efc29467f9e3ebe16c.wav,Shatter
e82d4a4c3d43ac6b1f73.wav,Fireworks
e840c6a996ff34a30cc3.wav,Fireworks
e84d882de6ad25c3655f.wav,Trumpet
e856ee67e02b704e6ace.wav,Acoustic_guitar
e90f5f65f81c8cd4c1d8.wav,Trumpet
e9411c63bdb9e21a07c1.wav,Acoustic_guitar
e9481f0857cc9c1b5d85.wav,Double_bass
e94917b269812aabdd09.wav,Bass_drum
e94f3cc21be9f49cfb8b.wav,Fart
e9581ec8fce7ed6b35c4.wav,Cello
e980d26f25fa2366d9ff.wav,Shatter
e9ea8e17503871955be0.wav,Applause
ea12d269abd8d1002fc9.wav,Bass_drum
ea3db26bc5f080cfa707.wav,Applause
ea3f367d98f5dc9cac28.wav,Acoustic_guitar
ea7f1404dd01c0d863b6.wav,Bass_drum
eaa21fa891d49ac1daad.wav,Double_bass
eac5dfcfe5006a050d23.wav,Applause
eadf3f39d5e100bcfbbd.wav,Acoustic_guitar
eb07f19dcb2b3d1ebec5.wav,Shatter
eb0d4d2c604a2aae8827.wav,Trumpet
eb1781f4ac8dfbd8d787.wav,Double_bass
eb208eac06d90cdaa03b.wav,Cello
eb957f55b33c996c46fd.wav,Acoustic_guitar
ebac49c8ff90f28dc208.wav,Fart
ebacaef534bbf4c25f69.wav,Bass_drum
ebb051124849d70f09a8.wav,Acoustic_guitar
ebbdadc0353722af4c1b.wav,Trumpet
ebc3ee1be9d3fcbec0e6.wav,Fireworks
ebd826cf11786e8c5a7b.wav,Bass_drum
ebdc8d2f40a1ffd244e6.wav,Applause
ec13317e18fea18f7c40.wav,Cello
ec824eebdf967ddb9fb5.wav,Trumpet
ec8b050479454e061ec5.wav,Bass_drum
ecdf0c041ab6520e1bda.wav,Fireworks
eceeca48796b2f57ee2a.wav,Acoustic_guitar
ecf684ee489c80006189.wav,Cello
ed09692fed429a42470e.wav,Shatter
ed285ede7ecb28f670bd.wav,Fireworks
ed339a1e3cf39f72f518.wav,Fart
ed51f162f0e71831b1bd.wav,Shatter
ed60fb3ba8480cdaf634.wav,Trumpet
ed8654afb8e81d3ce45b.wav,Fireworks
edcf544d97724b33ee23.wav,Acoustic_guitar
edd5f2d5bdab597ab6f1.wav,Cello
edf726b4b1da2417095a.wav,Flute
eeb69125d572204d7693.wav,Double_bass
ef2fde9e0ce0c3a6a3f5.wav,Flute
ef3297ab83ed818fdaaf.wav,Acoustic_guitar
ef55660a2a38762b5f60.wav,Bass_drum
ef55e1198f4af0e73562.wav,Acoustic_guitar
ef6815b65a1e858ccbf8.wav,Cello
ef72015668a28bb1c371.wav,Flute
efb4562554cc05def08a.wav,Trumpet
efcae12cd43421ebb6de.wav,Double_bass
f010a52ee188b607ad87.wav,Bass_drum
f06d533a6d15ee907a23.wav,Flute
f08c601a87ee769e35a8.wav,Applause
f0daa951e7cccbd77a34.wav,Trumpet
f10e0304b197e93b45f4.wav,Flute
f111a8348708d0c57a69.wav,Cello
f1152c89cb45bd58571e.wav,Fireworks
f123987f8b0aa58c4419.wav,Fart
f12fb8a03a865ef76ca7.wav,Shatter
f1891051a40c3d0b1da6.wav,Acoustic_guitar
f1e649c07b00c52521e6.wav,Applause
f1f0c19e721093a2d676.wav,Shatter
f1f9a608ee2e630a7ed5.wav,Double_bass
f1fcdba9c5e7838957f3.wav,Cello
f20e0386fe0fee9cbc05.wav,Flute
f22b4d6c81307e60f1c3.wav,Cello
f24a8af167a2c70988cf.wav,Acoustic_guitar
f2556f45c3544cf2ace3.wav,Shatter
f27a4ad09a94c7345103.wav,Acoustic_guitar
f285b0e8a07c55dc459c.wav,Fart
f2b6dd34cd24f766ee94.wav,Trumpet
f2b977df02c2dea05e17.wav,Trumpet
f3352b89fa4b9e644afd.wav,Fireworks
f35d903cb9bb72e07f88.wav,Fireworks
f3835f6fd15e8edb280a.wav,Bass_drum
f3c49d4b2a395eb74883.wav,Flute
f40ae977e537a099e491.wav,Bass_drum
f439f22b99100ea7c2c0.wav,Fireworks
f43c40911c6d8440ef22.wav,Cello
f4973308beb412ab4c0d.wav,Flute
f4c498a2e9e12ea597bc.wav,Acoustic_guitar
f4f4be3ec69fe4de6f96.wav,Double_bass
f511beb10b985e965eac.wav,Trumpet
f514efe062bca04b9c87.wav,Applause
f51853c935efd2d3d443.wav,Flute
f51cd781206bc8c246c6.wav,Applause
f52ca3a45488e166f7a8.wav,Flute
f53d4897b405ae255b4b.wav,Fireworks
f565e6ad2f2cb5e474dc.wav,Shatter
f5c778ce9ed6041c2374.wav,Double_bass
f5f7c1330f59c928c764.wav,Cello
f6101eaa7e3ef4ae7061.wav,Double_bass
f6b644eb3f2088cfd6a6.wav,Applause
f6d6b3821915e91f3a04.wav,Flute
f6e62b04052bb34f422d.wav,Fart
f6efa288c63d1e9bbf28.wav,Applause
f7146988b3d0ef2b7897.wav,Trumpet
f770bd92f6bd02222375.wav,Fart
f79c505348d904178ca1.wav,Cello
f7f3103640400bb532d6.wav,Trumpet
f7f63c60fd70d5b034e4.wav,Fireworks
f7fb5122abb091d9d6ba.wav,Shatter
f819ec702a62bf8c093a.wav,Applause
f84294525e4233dfbcc9.wav,Flute
f86178806edfd1d230ad.wav,Shatter
f8a1aa65ad0f587c751c.wav,Double_bass
f8c7345a1e31d14403d5.wav,Flute
f8d3a3445e61d0d070c5.wav,Acoustic_guitar
f8d9de125be04365d6bf.wav,Double_bass
f91b10f9314ca4207d62.wav,Acoustic_guitar
f92672b28b7de3b5936c.wav,Cello
f92a9b678ddf976f2a1b.wav,Double_bass
f98de3d40918553d4599.wav,Flute
f9b14cc43f366430c5c8.wav,Cello
f9b58b626d5e8443be73.wav,Fart
f9b80a8a5903c7006f7a.wav,Double_bass
f9e0710e318dc3e2c8ec.wav,Double_bass
fa3ee5c9893d7a3bc61c.wav,Fart
fa464d38387439811d40.wav,Bass_drum
fae28ca4422d7895216b.wav,Bass_drum
fbc5194ab8cf262373a2.wav,Acoustic_guitar
fc8002b511d312210bc8.wav,Shatter
fcbc0a01ce2d8b9c5c77.wav,Flute
fccaa65813fa67e856fb.wav,Trumpet
fd1d7b5a50017c9d5849.wav,Fart
fd365991fdbee2fd0c41.wav,Flute
fd6ebc6210e85ee357a2.wav,Flute
fd8553fd087db33bcd63.wav,Flute
fd94ba32d69aa108df57.wav,Fart
fd9a8ca19d270e28dae8.wav,Bass_drum
fdaaf5536f87f6efdca4.wav,Acoustic_guitar
fdfd9d680eebb787b4a3.wav,Bass_drum
fdff4315bb26655418da.wav,Cello
fe2eb993a92fe38076d9.wav,Flute
fe3902166bad9d60a136.wav,Flute
fe4b5255163527e8279d.wav,Shatter
fe7c3fc787f555294e53.wav,Flute
fe9caed128dafe435775.wav,Flute
feaac7546532010ba804.wav,Shatter
fed6b20027b21a0d4370.wav,Fireworks
fedbc225d1e1fc900737.wav,Acoustic_guitar
fee29c4f0b0aaf21f6c1.wav,Fireworks
ff1444a6a88e75b6a353.wav,Double_bass
ff1bebed13cd65e9b903.wav,Shatter
ff5bd75200e7b7667845.wav,Fart
ff6aec74eb524d00f578.wav,Fart
ff91c75996fef0da0b99.wav,Acoustic_guitar
ffba30db1c9f4374f6f1.wav,Bass_drum
ffc8fb2c2e3b6af7d560.wav,Shatter
ffd6592054324246cb65.wav,Trumpet
ffe74280824780406ece.wav,Bass_drum
ffea16c6b636f8b34d26.wav,Shatter
